city,hour,aqi,target_aqi_18h,fold,horizon,random_forest,persistence,climatology,sarima,target_aqi_24h
Bengaluru,2026-07-03 09:00:00+00:00,53.0,50.0,1,18,53.18596115288221,53.0,94.1923076923077,55.48081811381156,
Bengaluru,2026-07-03 10:00:00+00:00,54.0,49.0,1,18,53.98621428571428,54.0,94.1923076923077,57.229438327070305,
Bengaluru,2026-07-03 11:00:00+00:00,54.0,48.0,1,18,54.03557326007326,54.0,94.1923076923077,56.87172784715644,
Bengaluru,2026-07-03 12:00:00+00:00,54.0,47.0,1,18,53.82879548229548,54.0,94.1923076923077,55.933744329329585,
Bengaluru,2026-07-03 13:00:00+00:00,54.0,47.0,1,18,54.27808968253968,54.0,94.1923076923077,54.927652337488425,
Bengaluru,2026-07-03 14:00:00+00:00,54.0,47.0,1,18,54.22131740392963,54.0,94.1923076923077,54.14626883948062,
Bengaluru,2026-07-03 15:00:00+00:00,54.0,47.0,1,18,54.15496026107249,54.0,94.1923076923077,53.6885315954087,
Bengaluru,2026-07-03 16:00:00+00:00,55.0,47.0,1,18,55.072608409220635,55.0,94.1923076923077,56.18744656010212,
Bengaluru,2026-07-03 17:00:00+00:00,55.0,48.0,1,18,55.265926984126985,55.0,94.1923076923077,56.763117358007094,
Bengaluru,2026-07-03 18:00:00+00:00,55.0,49.0,1,18,55.47688095238095,55.0,94.1923076923077,56.614455311204786,
Bengaluru,2026-07-03 19:00:00+00:00,55.0,49.0,1,18,55.80551322751323,55.0,94.1923076923077,56.115300387837515,
Bengaluru,2026-07-03 20:00:00+00:00,54.0,49.0,1,18,54.89854761904762,54.0,94.1923076923077,52.89358924137983,
Bengaluru,2026-07-03 21:00:00+00:00,54.0,49.0,1,18,54.74229894179894,54.0,94.1923076923077,51.90859544991731,
Bengaluru,2026-07-03 22:00:00+00:00,54.0,49.0,1,18,54.66768650793651,54.0,94.1923076923077,51.9226349500121,
Bengaluru,2026-07-03 23:00:00+00:00,53.0,49.0,1,18,53.19685971055089,53.0,94.1923076923077,49.805783088357856,
Bengaluru,2026-07-04 00:00:00+00:00,53.0,49.0,1,18,53.09195336134454,53.0,94.1923076923077,49.95653673757756,
Bengaluru,2026-07-04 01:00:00+00:00,52.0,49.0,1,18,52.32271288515406,52.0,94.1923076923077,48.16403456043083,
Bengaluru,2026-07-04 02:00:00+00:00,51.0,49.0,1,18,52.05954365079365,51.0,94.1923076923077,45.99178228688369,
Bengaluru,2026-07-04 03:00:00+00:00,50.0,49.0,1,18,52.74176984126984,50.0,94.1923076923077,43.91998263132289,
Bengaluru,2026-07-04 04:00:00+00:00,49.0,49.0,1,18,51.9693253968254,49.0,94.1923076923077,42.18050550056617,
Bengaluru,2026-07-04 05:00:00+00:00,48.0,49.0,1,18,50.967392857142855,48.0,94.1923076923077,40.81159987040318,
Bengaluru,2026-07-04 06:00:00+00:00,47.0,49.0,1,18,50.10755952380952,47.0,94.1923076923077,39.73757024627502,
Bengaluru,2026-07-04 07:00:00+00:00,47.0,49.0,1,18,49.715178571428574,47.0,94.1923076923077,41.50508383645258,
Bengaluru,2026-07-04 08:00:00+00:00,47.0,49.0,1,18,49.899321428571426,47.0,94.1923076923077,43.88167262332129,
Bengaluru,2026-07-04 09:00:00+00:00,47.0,50.0,1,18,49.72165476190476,47.0,94.1923076923077,45.968217074819165,
Bengaluru,2026-07-04 10:00:00+00:00,47.0,51.0,1,18,49.5350753968254,47.0,94.1923076923077,47.35704999375043,
Bengaluru,2026-07-04 11:00:00+00:00,48.0,52.0,1,18,50.45563095238095,48.0,94.1923076923077,50.674295825490574,
Bengaluru,2026-07-04 12:00:00+00:00,49.0,53.0,1,18,51.21786904761905,49.0,94.1923076923077,53.96732207957616,
Bengaluru,2026-07-04 13:00:00+00:00,49.0,54.0,1,18,50.765456349206346,49.0,94.1923076923077,53.987895309530074,
Bengaluru,2026-07-04 14:00:00+00:00,49.0,55.0,1,18,50.5281626984127,49.0,94.1923076923077,52.7035240938453,
Bengaluru,2026-07-04 15:00:00+00:00,49.0,55.0,1,18,51.02334126984127,49.0,94.1923076923077,51.051721642698126,
Bengaluru,2026-07-04 16:00:00+00:00,49.0,56.0,1,18,51.53197619047619,49.0,94.1923076923077,49.63153491776996,
Bengaluru,2026-07-04 17:00:00+00:00,49.0,58.0,1,18,51.549706349206346,49.0,94.1923076923077,48.70461063655761,
Bengaluru,2026-07-04 18:00:00+00:00,49.0,60.0,1,18,51.40544841269841,49.0,94.1923076923077,48.28339525679137,
Bengaluru,2026-07-04 19:00:00+00:00,49.0,60.0,1,18,51.34497222222222,49.0,94.1923076923077,48.24323551520347,
Bengaluru,2026-07-04 20:00:00+00:00,49.0,60.0,1,18,51.8429880952381,49.0,94.1923076923077,48.41820403605659,
Bengaluru,2026-07-04 21:00:00+00:00,49.0,60.0,1,18,52.15765211640211,49.0,94.1923076923077,48.66329506639481,
Bengaluru,2026-07-04 22:00:00+00:00,49.0,59.0,1,18,52.18947751322751,49.0,94.1923076923077,48.88240160967858,
Bengaluru,2026-07-04 23:00:00+00:00,49.0,59.0,1,18,52.32681878306878,49.0,94.1923076923077,49.03064472734981,
Bengaluru,2026-07-05 00:00:00+00:00,49.0,59.0,1,18,52.00476322751322,49.0,94.1923076923077,49.102320200555056,
Bengaluru,2026-07-05 01:00:00+00:00,49.0,59.0,1,18,52.144366402116404,49.0,94.1923076923077,49.11424943327792,
Bengaluru,2026-07-05 02:00:00+00:00,49.0,59.0,1,18,51.7494298941799,49.0,94.1923076923077,49.09098556477361,
Bengaluru,2026-07-05 03:00:00+00:00,50.0,59.0,1,18,52.80375238095238,50.0,94.1923076923077,51.718771440850105,
Bengaluru,2026-07-05 04:00:00+00:00,51.0,59.0,1,18,51.72829338624339,51.0,94.1923076923077,54.8895909942348,
Bengaluru,2026-07-05 05:00:00+00:00,52.0,59.0,1,18,53.51547592592593,52.0,94.1923076923077,57.78833056053647,
Bengaluru,2026-07-05 06:00:00+00:00,53.0,59.0,1,18,54.77242989417989,53.0,94.1923076923077,60.047784245534615,
Bengaluru,2026-07-05 07:00:00+00:00,54.0,59.0,1,18,55.65866798941799,54.0,94.1923076923077,61.63672477736099,
Bengaluru,2026-07-05 08:00:00+00:00,55.0,60.0,1,18,56.27678703703704,55.0,94.1923076923077,62.71251846556668,
Bengaluru,2026-07-05 09:00:00+00:00,55.0,60.0,1,18,52.570632275132276,55.0,94.1923076923077,60.82905847069293,
Bengaluru,2026-07-05 10:00:00+00:00,56.0,60.0,1,18,53.23705889724311,56.0,94.1923076923077,60.96731663335016,
Bengaluru,2026-07-05 11:00:00+00:00,58.0,60.0,1,18,55.580079365079364,58.0,94.1923076923077,64.62101617218013,
Bengaluru,2026-07-05 12:00:00+00:00,60.0,61.0,1,18,57.58243650793651,60.0,94.1923076923077,69.27535945522656,
Bengaluru,2026-07-05 13:00:00+00:00,60.0,61.0,1,18,57.430682539682536,60.0,94.1923076923077,68.45004131321004,
Bengaluru,2026-07-05 14:00:00+00:00,60.0,60.0,1,18,57.469611111111114,60.0,94.1923076923077,65.81210254873771,
Bengaluru,2026-07-05 15:00:00+00:00,60.0,60.0,1,18,57.71718253968254,60.0,94.1923076923077,62.88555489709283,
Bengaluru,2026-07-05 16:00:00+00:00,59.0,59.0,1,18,56.05617880485527,59.0,94.1923076923077,57.900120559459445,
Bengaluru,2026-07-05 17:00:00+00:00,59.0,57.0,1,18,56.117591503267974,59.0,94.1923076923077,55.9659808316808,
Bengaluru,2026-07-05 18:00:00+00:00,59.0,56.0,1,18,56.17803594771242,59.0,94.1923076923077,55.714960786743916,
Bengaluru,2026-07-05 19:00:00+00:00,59.0,56.0,1,18,56.14398124098124,59.0,94.1923076923077,56.433284479658724,
Bengaluru,2026-07-05 20:00:00+00:00,59.0,56.0,1,18,56.7455315055315,59.0,94.1923076923077,57.48576906247139,
Bengaluru,2026-07-05 21:00:00+00:00,59.0,57.0,1,18,60.42074470899471,59.0,94.1923076923077,58.44441635101181,
Bengaluru,2026-07-05 22:00:00+00:00,59.0,57.0,1,18,60.634092592592594,59.0,94.1923076923077,59.10368196037747,
Bengaluru,2026-07-05 23:00:00+00:00,59.0,57.0,1,18,60.69917195767196,59.0,94.1923076923077,59.430903473661644,
Bengaluru,2026-07-06 00:00:00+00:00,59.0,58.0,1,18,60.48954497354497,59.0,94.1923076923077,59.49477133333578,
Bengaluru,2026-07-07 19:00:00+00:00,58.0,55.0,1,18,57.41121560846561,58.0,94.1923076923077,57.092417023972054,
Bengaluru,2026-07-07 20:00:00+00:00,58.0,55.0,1,18,56.81025517318938,58.0,94.1923076923077,57.36696696996448,
Bengaluru,2026-07-07 21:00:00+00:00,58.0,55.0,1,18,57.07042183985605,58.0,94.1923076923077,57.70195434959072,
Delhi,2026-07-03 09:00:00+00:00,106.0,128.0,1,18,118.6124994553377,106.0,94.1923076923077,112.22764903588251,
Delhi,2026-07-03 10:00:00+00:00,106.0,128.0,1,18,110.08364069896965,106.0,94.1923076923077,106.01123758192014,
Delhi,2026-07-03 11:00:00+00:00,107.0,128.0,1,18,111.78968828210546,107.0,94.1923076923077,112.17738679894296,
Delhi,2026-07-03 12:00:00+00:00,107.0,127.0,1,18,110.10608907575626,107.0,94.1923076923077,108.04128168100289,
Delhi,2026-07-03 13:00:00+00:00,107.0,127.0,1,18,109.64935047176766,107.0,94.1923076923077,105.98901278347446,
Delhi,2026-07-03 14:00:00+00:00,107.0,126.0,1,18,109.58364863547759,107.0,94.1923076923077,106.9659353489706,
Delhi,2026-07-03 15:00:00+00:00,107.0,125.0,1,18,109.63317328042328,107.0,94.1923076923077,107.17393870114981,
Delhi,2026-07-03 16:00:00+00:00,108.0,124.0,1,18,110.49696428571428,108.0,94.1923076923077,114.2028756321765,
Delhi,2026-07-03 17:00:00+00:00,109.0,123.0,1,18,112.5496507936508,109.0,94.1923076923077,116.09311696828557,
Delhi,2026-07-03 18:00:00+00:00,111.0,123.0,1,18,115.16462698412698,111.0,94.1923076923077,123.18184885435497,
Delhi,2026-07-03 19:00:00+00:00,113.0,123.0,1,18,118.5489417989418,113.0,94.1923076923077,126.08830329840269,
Delhi,2026-07-03 20:00:00+00:00,116.0,123.0,1,18,121.93759523809524,116.0,94.1923076923077,134.33215338622435,
Delhi,2026-07-03 21:00:00+00:00,118.0,124.0,1,18,121.65928835978836,118.0,94.1923076923077,130.99308120183187,
Delhi,2026-07-03 22:00:00+00:00,121.0,126.0,1,18,122.22083333333333,121.0,94.1923076923077,138.31595259398753,
Delhi,2026-07-03 23:00:00+00:00,123.0,127.0,1,18,122.53166666666667,123.0,94.1923076923077,136.14996206579505,
Delhi,2026-07-04 00:00:00+00:00,124.0,128.0,1,18,124.2009761904762,124.0,94.1923076923077,129.02168317905299,
Delhi,2026-07-04 01:00:00+00:00,126.0,130.0,1,18,127.31208669108669,126.0,94.1923076923077,137.30637942458898,
Delhi,2026-07-04 02:00:00+00:00,128.0,131.0,1,18,127.56886446886448,128.0,94.1923076923077,141.5564338685889,
Delhi,2026-07-04 03:00:00+00:00,128.0,133.0,1,18,133.62366605616606,128.0,94.1923076923077,127.74986126352155,
Delhi,2026-07-04 04:00:00+00:00,128.0,134.0,1,18,126.6819993894994,128.0,94.1923076923077,125.76568403497852,
Delhi,2026-07-04 05:00:00+00:00,128.0,140.0,1,18,122.94741208791208,128.0,94.1923076923077,128.35175783835842,
Delhi,2026-07-04 06:00:00+00:00,127.0,145.0,1,18,123.22501526251526,127.0,94.1923076923077,121.10388271370853,
Delhi,2026-07-04 07:00:00+00:00,127.0,151.0,1,18,125.07463431013431,127.0,94.1923076923077,125.99764702599381,
Delhi,2026-07-04 08:00:00+00:00,126.0,156.0,1,18,122.03400997150997,126.0,94.1923076923077,120.9045868588037,
Delhi,2026-07-04 09:00:00+00:00,125.0,160.0,1,18,119.54893562318124,125.0,94.1923076923077,117.89193824136537,
Delhi,2026-07-04 10:00:00+00:00,124.0,161.0,1,18,118.01706260730822,124.0,94.1923076923077,117.85616097751593,
Delhi,2026-07-04 11:00:00+00:00,123.0,163.0,1,18,118.17872077629973,123.0,94.1923076923077,117.05929429852115,
Delhi,2026-07-04 12:00:00+00:00,123.0,162.0,1,18,120.3324940984941,123.0,94.1923076923077,123.09103231871305,
Delhi,2026-07-04 13:00:00+00:00,123.0,159.0,1,18,124.44640476190476,123.0,94.1923076923077,123.9817002766241,
Delhi,2026-07-04 14:00:00+00:00,123.0,155.0,1,18,121.36187240537241,123.0,94.1923076923077,122.84860548642928,
Delhi,2026-07-04 15:00:00+00:00,124.0,153.0,1,18,121.35211723461724,124.0,94.1923076923077,130.0779843333358,
Delhi,2026-07-04 16:00:00+00:00,126.0,151.0,1,18,125.42459198209198,126.0,94.1923076923077,139.3861902471375,
Delhi,2026-07-04 17:00:00+00:00,127.0,148.0,1,18,128.3672798127798,127.0,94.1923076923077,133.86987511308368,
Delhi,2026-07-04 18:00:00+00:00,128.0,143.0,1,18,128.00457936507937,128.0,94.1923076923077,132.78920507978853,
Delhi,2026-07-04 19:00:00+00:00,130.0,138.0,1,18,129.53734126984128,130.0,94.1923076923077,142.38975328991094,
Delhi,2026-07-04 20:00:00+00:00,131.0,133.0,1,18,131.03394383394382,131.0,94.1923076923077,138.223786537329,
Delhi,2026-07-04 21:00:00+00:00,133.0,130.0,1,18,133.39063034188035,133.0,94.1923076923077,144.12819634557746,
Delhi,2026-07-04 22:00:00+00:00,134.0,128.0,1,18,132.91699145299145,134.0,94.1923076923077,140.99127125938648,
Delhi,2026-07-04 23:00:00+00:00,140.0,126.0,1,18,137.3988962148962,140.0,94.1923076923077,176.25679318959007,
Delhi,2026-07-05 00:00:00+00:00,145.0,123.0,1,18,140.9982777777778,145.0,94.1923076923077,180.47512867751084,
Delhi,2026-07-05 01:00:00+00:00,151.0,121.0,1,18,146.5059120879121,151.0,94.1923076923077,186.14527624405903,
Delhi,2026-07-05 02:00:00+00:00,156.0,117.0,1,18,151.69115018315017,156.0,94.1923076923077,186.86180375134745,
Delhi,2026-07-05 03:00:00+00:00,160.0,113.0,1,18,155.1033485958486,160.0,94.1923076923077,183.52856918158596,
Delhi,2026-07-05 04:00:00+00:00,161.0,109.0,1,18,155.44786446886445,161.0,94.1923076923077,165.83746476518218,
Delhi,2026-07-05 05:00:00+00:00,163.0,105.0,1,18,157.0921343101343,163.0,94.1923076923077,172.5948095818828,
Delhi,2026-07-05 06:00:00+00:00,162.0,102.0,1,18,157.43593589743588,162.0,94.1923076923077,157.1607594350878,
Delhi,2026-07-05 07:00:00+00:00,159.0,98.0,1,18,151.57194383394383,159.0,94.1923076923077,137.6401098178232,
Delhi,2026-07-05 08:00:00+00:00,155.0,93.0,1,18,149.05709523809523,155.0,94.1923076923077,128.6035691032516,
Delhi,2026-07-05 09:00:00+00:00,153.0,90.0,1,18,152.18284114667009,153.0,94.1923076923077,140.74861415635888,
Delhi,2026-07-05 10:00:00+00:00,151.0,88.0,1,18,146.45506601439496,151.0,94.1923076923077,141.1522349529796,
Delhi,2026-07-05 11:00:00+00:00,148.0,87.0,1,18,148.60261424394318,148.0,94.1923076923077,129.23003544789248,
Delhi,2026-07-05 12:00:00+00:00,143.0,87.0,1,18,142.8461904761905,143.0,94.1923076923077,110.86136011375761,
Delhi,2026-07-05 13:00:00+00:00,138.0,88.0,1,18,134.10689153439154,138.0,94.1923076923077,105.68640517050696,
Delhi,2026-07-05 14:00:00+00:00,133.0,90.0,1,18,134.98524542124542,133.0,94.1923076923077,102.94825385891572,
Delhi,2026-07-05 15:00:00+00:00,130.0,92.0,1,18,130.8228882783883,130.0,94.1923076923077,112.10642477525883,
Delhi,2026-07-05 16:00:00+00:00,128.0,95.0,1,18,133.45906684981685,128.0,94.1923076923077,117.78534736030693,
Delhi,2026-07-05 17:00:00+00:00,126.0,97.0,1,18,125.74657081807082,126.0,94.1923076923077,114.44658189678837,
Delhi,2026-07-05 18:00:00+00:00,123.0,98.0,1,18,121.57454965404965,123.0,94.1923076923077,104.12570443996457,
Delhi,2026-07-05 19:00:00+00:00,121.0,99.0,1,18,119.08803113553114,121.0,94.1923076923077,107.82521025308273,
Delhi,2026-07-05 20:00:00+00:00,117.0,99.0,1,18,113.70753907203907,117.0,94.1923076923077,93.57869208499882,
Delhi,2026-07-05 21:00:00+00:00,113.0,100.0,1,18,111.41580952380953,113.0,94.1923076923077,86.52339708716005,
Delhi,2026-07-05 22:00:00+00:00,109.0,101.0,1,18,109.96122557997558,109.0,94.1923076923077,84.66216631536723,
Delhi,2026-07-05 23:00:00+00:00,105.0,102.0,1,18,107.0626276963777,105.0,94.1923076923077,80.87690767509484,
Delhi,2026-07-06 00:00:00+00:00,102.0,103.0,1,18,108.46890415140415,102.0,94.1923076923077,83.71044589095358,
Delhi,2026-07-07 19:00:00+00:00,98.0,62.0,1,18,106.36682010582011,98.0,94.1923076923077,95.91520123275556,
Delhi,2026-07-07 20:00:00+00:00,95.0,61.0,1,18,97.4291455026455,95.0,94.1923076923077,76.4165683788615,
Delhi,2026-07-07 21:00:00+00:00,93.0,61.0,1,18,98.48677380952381,93.0,94.1923076923077,80.36451246916111,
Bengaluru,2026-07-07 22:00:00+00:00,58.0,55.0,2,18,55.94637957645922,58.0,91.38011695906432,57.970601789530726,
Bengaluru,2026-07-07 23:00:00+00:00,58.0,55.0,2,18,57.17211562603665,58.0,91.38011695906432,57.98216673099311,
Bengaluru,2026-07-08 00:00:00+00:00,58.0,55.0,2,18,57.773967814621294,58.0,91.38011695906432,57.98914643376942,
Bengaluru,2026-07-08 01:00:00+00:00,59.0,55.0,2,18,57.09977885614067,59.0,91.38011695906432,60.28669059441118,
Bengaluru,2026-07-08 02:00:00+00:00,58.0,55.0,2,18,56.10668468648225,58.0,91.38011695906432,57.492696712990345,
Bengaluru,2026-07-08 03:00:00+00:00,58.0,55.0,2,18,56.10841366015926,58.0,91.38011695906432,57.69067964649142,
Bengaluru,2026-07-08 04:00:00+00:00,58.0,55.0,2,18,56.323908815682465,58.0,91.38011695906432,57.811384891278124,
Bengaluru,2026-07-08 05:00:00+00:00,57.0,55.0,2,18,55.86771317023941,57.0,91.38011695906432,55.59416819305804,
Bengaluru,2026-07-08 06:00:00+00:00,57.0,55.0,2,18,55.85668831433254,57.0,91.38011695906432,56.142734791828865,
Bengaluru,2026-07-08 07:00:00+00:00,57.0,55.0,2,18,56.52369114727799,57.0,91.38011695906432,56.47724472004852,
Bengaluru,2026-07-08 08:00:00+00:00,57.0,55.0,2,18,56.40622508923179,57.0,91.38011695906432,56.68122652499977,
Bengaluru,2026-07-08 09:00:00+00:00,57.0,55.0,2,18,55.98281546784433,57.0,91.38011695906432,56.80561349175652,
Bengaluru,2026-07-08 10:00:00+00:00,56.0,55.0,2,18,55.83873368387363,56.0,91.38011695906432,54.59069537040438,
Bengaluru,2026-07-08 11:00:00+00:00,56.0,55.0,2,18,55.638931021406286,56.0,91.38011695906432,55.140612724691586,
Bengaluru,2026-07-08 12:00:00+00:00,56.0,55.0,2,18,54.843172891027116,56.0,91.38011695906432,55.47594970573931,
Bengaluru,2026-07-08 13:00:00+00:00,55.0,55.0,2,18,53.74784565405212,55.0,91.38011695906432,53.3896682676439,
Bengaluru,2026-07-08 14:00:00+00:00,55.0,55.0,2,18,55.10417363645298,55.0,91.38011695906432,54.018027317503474,
Bengaluru,2026-07-08 15:00:00+00:00,55.0,55.0,2,18,57.61462243063552,55.0,91.38011695906432,54.40119769676785,
Bengaluru,2026-07-08 16:00:00+00:00,55.0,55.0,2,18,57.90806398703548,55.0,91.38011695906432,54.63485318389794,
Bengaluru,2026-07-08 17:00:00+00:00,55.0,55.0,2,18,57.702198125509426,55.0,91.38011695906432,54.777335196255166,
Bengaluru,2026-07-08 18:00:00+00:00,55.0,56.0,2,18,57.333645688167515,55.0,91.38011695906432,54.86422005439076,
Bengaluru,2026-07-08 19:00:00+00:00,55.0,56.0,2,18,54.294184059760546,55.0,91.38011695906432,54.917202030496085,
Bengaluru,2026-07-08 20:00:00+00:00,55.0,56.0,2,18,54.05048101224811,55.0,91.38011695906432,54.94951018927523,
Bengaluru,2026-07-08 21:00:00+00:00,55.0,56.0,2,18,55.58609851665729,55.0,91.38011695906432,54.96921155189789,
Bengaluru,2026-07-08 22:00:00+00:00,55.0,55.0,2,18,56.06417861992366,55.0,91.38011695906432,54.98122534977001,
Bengaluru,2026-07-08 23:00:00+00:00,55.0,55.0,2,18,55.924088265833305,55.0,91.38011695906432,54.9885513069678,
Bengaluru,2026-07-09 00:00:00+00:00,55.0,56.0,2,18,55.357977410548436,55.0,91.38011695906432,54.9930186410644,
Bengaluru,2026-07-09 01:00:00+00:00,55.0,56.0,2,18,53.74762367452803,55.0,91.38011695906432,54.995742800296014,
Bengaluru,2026-07-09 02:00:00+00:00,55.0,56.0,2,18,53.92286525100942,55.0,91.38011695906432,54.997403979728496,
Bengaluru,2026-07-09 03:00:00+00:00,55.0,56.0,2,18,54.183785542296945,55.0,91.38011695906432,54.99841695910019,
Bengaluru,2026-07-09 04:00:00+00:00,55.0,57.0,2,18,54.07358012352855,55.0,91.38011695906432,54.99903466913645,
Bengaluru,2026-07-09 05:00:00+00:00,55.0,57.0,2,18,54.318479455376625,55.0,91.38011695906432,54.999411345798926,
Bengaluru,2026-07-09 06:00:00+00:00,55.0,58.0,2,18,53.89785177856969,55.0,91.38011695906432,54.999641041448584,
Bengaluru,2026-07-09 07:00:00+00:00,55.0,58.0,2,18,55.277134507837346,55.0,91.38011695906432,54.99978110877079,
Bengaluru,2026-07-09 08:00:00+00:00,55.0,59.0,2,18,57.03989694524567,55.0,91.38011695906432,54.99986652116232,
Bengaluru,2026-07-09 09:00:00+00:00,55.0,59.0,2,18,55.3945517062905,55.0,91.38011695906432,54.99991860523525,
Bengaluru,2026-07-09 10:00:00+00:00,55.0,60.0,2,18,54.426736174472126,55.0,91.38011695906432,54.99995036585689,
Bengaluru,2026-07-09 11:00:00+00:00,55.0,60.0,2,18,55.158046972302984,55.0,91.38011695906432,54.99996973333396,
Bengaluru,2026-07-09 12:00:00+00:00,56.0,60.0,2,18,56.21123132101609,56.0,91.38011695906432,57.290749865576736,
Bengaluru,2026-07-09 13:00:00+00:00,56.0,61.0,2,18,58.35538536415379,56.0,91.38011695906432,56.78709317144814,
Bengaluru,2026-07-09 14:00:00+00:00,56.0,61.0,2,18,59.09236626300477,56.0,91.38011695906432,56.47996569828305,
Bengaluru,2026-07-09 15:00:00+00:00,56.0,61.0,2,18,55.87606445002163,56.0,91.38011695906432,56.29268081579781,
Bengaluru,2026-07-09 16:00:00+00:00,55.0,62.0,2,18,53.944178316395636,55.0,91.38011695906432,53.88770705701164,
Bengaluru,2026-07-09 17:00:00+00:00,55.0,62.0,2,18,53.20172841533762,55.0,91.38011695906432,54.32172901704318,
Bengaluru,2026-07-09 18:00:00+00:00,56.0,62.0,2,18,54.32590910329214,56.0,91.38011695906432,56.877161880307376,
Bengaluru,2026-07-09 19:00:00+00:00,56.0,62.0,2,18,56.139802233070185,56.0,91.38011695906432,56.53488917152516,
Bengaluru,2026-07-09 20:00:00+00:00,56.0,62.0,2,18,55.324776028910364,56.0,91.38011695906432,56.32617289036159,
Bengaluru,2026-07-09 21:00:00+00:00,56.0,63.0,2,18,54.270318848665625,56.0,91.38011695906432,56.198898687934694,
Bengaluru,2026-07-09 22:00:00+00:00,57.0,63.0,2,18,55.60595896266452,57.0,91.38011695906432,58.41205580249396,
Bengaluru,2026-07-09 23:00:00+00:00,57.0,64.0,2,18,55.347960986180425,57.0,91.38011695906432,57.86106495881764,
Bengaluru,2026-07-10 00:00:00+00:00,58.0,65.0,2,18,56.61070833158913,58.0,91.38011695906432,59.81584166687781,
Bengaluru,2026-07-10 01:00:00+00:00,58.0,65.0,2,18,57.088831971282325,58.0,91.38011695906432,59.10729167172285,
Bengaluru,2026-07-10 02:00:00+00:00,59.0,66.0,2,18,58.89661115408743,59.0,91.38011695906432,60.96598955340825,
Bengaluru,2026-07-10 03:00:00+00:00,59.0,66.0,2,18,58.75066379933291,59.0,91.38011695906432,60.198851143737755,
Bengaluru,2026-07-10 04:00:00+00:00,60.0,66.0,2,18,59.827324414861174,60.0,91.38011695906432,62.02182208698138,
Bengaluru,2026-07-10 05:00:00+00:00,60.0,66.0,2,18,59.310506932866744,60.0,91.38011695906432,61.23289755899763,
Bengaluru,2026-07-10 06:00:00+00:00,60.0,66.0,2,18,57.972902747605545,60.0,91.38011695906432,60.75181510814919,
Bengaluru,2026-07-10 07:00:00+00:00,61.0,65.0,2,18,58.18856023226553,61.0,91.38011695906432,62.74922162395843,
Bengaluru,2026-07-10 08:00:00+00:00,61.0,65.0,2,18,57.756033653111835,61.0,91.38011695906432,62.06666708421615,
Bengaluru,2026-07-10 09:00:00+00:00,61.0,66.0,2,18,57.047600371894056,61.0,91.38011695906432,61.65044854978149,
Bengaluru,2026-07-10 10:00:00+00:00,62.0,66.0,2,18,58.220131794009944,62.0,91.38011695906432,63.68740877544906,
Bengaluru,2026-07-10 11:00:00+00:00,62.0,66.0,2,18,59.00782008762731,62.0,91.38011695906432,63.02897390115487,
Bengaluru,2026-07-10 12:00:00+00:00,62.0,66.0,2,18,59.17359100856221,62.0,91.38011695906432,62.6274634247864,
Bengaluru,2026-07-10 13:00:00+00:00,62.0,66.0,2,18,61.79025732115269,62.0,91.38011695906432,62.38262423274565,
Bengaluru,2026-07-10 14:00:00+00:00,62.0,66.0,2,18,62.53483713998406,62.0,91.38011695906432,62.233322449884696,
Bengaluru,2026-07-10 15:00:00+00:00,63.0,66.0,2,18,65.00087797694518,63.0,91.38011695906432,64.43304724993777,
Bengaluru,2026-07-10 16:00:00+00:00,63.0,66.0,2,18,64.70232904724138,63.0,91.38011695906432,63.87386544432028,
Delhi,2026-07-07 22:00:00+00:00,90.0,60.0,2,18,72.08151555373107,90.0,91.38011695906432,73.20707543232838,
Delhi,2026-07-07 23:00:00+00:00,88.0,59.0,2,18,73.30207081273727,88.0,91.38011695906432,75.59003895744462,
Delhi,2026-07-08 00:00:00+00:00,86.0,57.0,2,18,77.28847255223928,86.0,91.38011695906432,75.35138236153362,
Delhi,2026-07-08 01:00:00+00:00,82.0,56.0,2,18,75.2233938592948,82.0,91.38011695906432,57.71193400485033,
Delhi,2026-07-08 02:00:00+00:00,77.0,54.0,2,18,71.52952676867855,77.0,91.38011695906432,44.96697930386254,
Delhi,2026-07-08 05:00:00+00:00,65.0,51.0,2,18,62.52901896422016,65.0,91.38011695906432,54.70213708056613,
Delhi,2026-07-08 10:00:00+00:00,65.0,49.0,2,18,63.907759114036175,65.0,91.38011695906432,59.13654817127853,
Delhi,2026-07-08 11:00:00+00:00,64.0,49.0,2,18,63.912536982073526,64.0,91.38011695906432,57.06439371213766,
Delhi,2026-07-08 14:00:00+00:00,61.0,48.0,2,18,60.802731559416095,61.0,91.38011695906432,55.10340932970864,
Delhi,2026-07-08 15:00:00+00:00,61.0,48.0,2,18,58.62060953309199,61.0,91.38011695906432,61.41927068495626,
Delhi,2026-07-08 16:00:00+00:00,60.0,48.0,2,18,57.12648787477954,60.0,91.38011695906432,54.77558471249801,
Delhi,2026-07-08 17:00:00+00:00,59.0,47.0,2,18,56.61851145497185,59.0,91.38011695906432,51.88213967276835,
Delhi,2026-07-08 18:00:00+00:00,57.0,47.0,2,18,53.48917746026286,57.0,91.38011695906432,44.87436928186105,
Delhi,2026-07-08 19:00:00+00:00,56.0,47.0,2,18,51.006965656424505,56.0,91.38011695906432,49.77489788802539,
Delhi,2026-07-08 20:00:00+00:00,54.0,49.0,2,18,51.960519423113766,54.0,91.38011695906432,43.088385174058956,
Delhi,2026-07-08 23:00:00+00:00,51.0,56.0,2,18,51.742855820105824,51.0,91.38011695906432,47.060257117315814,
Delhi,2026-07-09 04:00:00+00:00,49.0,56.0,2,18,48.68638492063492,49.0,91.38011695906432,47.53927054953209,
Delhi,2026-07-09 05:00:00+00:00,49.0,54.0,2,18,47.60300229741019,49.0,91.38011695906432,49.15949188768553,
Delhi,2026-07-09 08:00:00+00:00,48.0,51.0,2,18,47.252515873015874,48.0,91.38011695906432,45.439550999276555,
Delhi,2026-07-09 09:00:00+00:00,48.0,52.0,2,18,48.47515258325552,48.0,91.38011695906432,48.231199841960475,
Delhi,2026-07-09 10:00:00+00:00,48.0,53.0,2,18,49.15391448801743,48.0,91.38011695906432,48.328299212654635,
Delhi,2026-07-09 11:00:00+00:00,47.0,53.0,2,18,47.92475972611267,47.0,91.38011695906432,40.61731559703046,
Delhi,2026-07-09 12:00:00+00:00,47.0,53.0,2,18,48.61144853145937,47.0,91.38011695906432,46.34709766112518,
Delhi,2026-07-09 13:00:00+00:00,47.0,55.0,2,18,49.60015258325552,47.0,91.38011695906432,48.291597604146695,
Delhi,2026-07-09 14:00:00+00:00,49.0,57.0,2,18,52.05358862433862,49.0,91.38011695906432,61.57839030074649,
Delhi,2026-07-09 15:00:00+00:00,51.0,59.0,2,18,53.78717809042809,51.0,91.38011695906432,64.58550325709007,
Delhi,2026-07-09 16:00:00+00:00,54.0,61.0,2,18,55.98620767195767,54.0,91.38011695906432,71.61850343168045,
Delhi,2026-07-09 17:00:00+00:00,56.0,61.0,2,18,56.339398615001556,56.0,91.38011695906432,67.99867730552052,
Delhi,2026-07-09 18:00:00+00:00,57.0,62.0,2,18,56.251033068783066,57.0,91.38011695906432,61.2368597168116,
Delhi,2026-07-09 19:00:00+00:00,58.0,64.0,2,18,55.35253306878307,58.0,91.38011695906432,62.862497877131005,
Delhi,2026-07-09 20:00:00+00:00,58.0,66.0,2,18,55.82153306878307,58.0,91.38011695906432,57.97020065728161,
Delhi,2026-07-09 21:00:00+00:00,57.0,70.0,2,18,56.25297751322751,57.0,91.38011695906432,49.77494162346395,
Delhi,2026-07-09 22:00:00+00:00,56.0,73.0,2,18,54.60985052910053,56.0,91.38011695906432,49.196929417511875,
Delhi,2026-07-09 23:00:00+00:00,54.0,77.0,2,18,51.23302513227513,54.0,91.38011695906432,42.21989737968417,
Delhi,2026-07-10 00:00:00+00:00,52.0,80.0,2,18,48.115027777777776,52.0,91.38011695906432,39.37423466552137,
Delhi,2026-07-10 01:00:00+00:00,51.0,83.0,2,18,46.79758068783069,51.0,91.38011695906432,45.72140702482745,
Delhi,2026-07-10 02:00:00+00:00,51.0,86.0,2,18,45.44377380952381,51.0,91.38011695906432,52.67746807273366,
Delhi,2026-07-10 03:00:00+00:00,52.0,88.0,2,18,47.460234126984126,52.0,91.38011695906432,59.115708266007516,
Delhi,2026-07-10 04:00:00+00:00,53.0,90.0,2,18,50.57514682539683,53.0,91.38011695906432,59.501335598732055,
Delhi,2026-07-10 05:00:00+00:00,53.0,92.0,2,18,53.66370501230795,53.0,91.38011695906432,52.23341882922659,
Delhi,2026-07-10 06:00:00+00:00,53.0,94.0,2,18,50.4284492366785,53.0,91.38011695906432,51.84780163041088,
Delhi,2026-07-10 07:00:00+00:00,55.0,97.0,2,18,54.87181425301103,55.0,91.38011695906432,67.88027251857255,
Delhi,2026-07-10 08:00:00+00:00,57.0,100.0,2,18,57.247906382456165,57.0,91.38011695906432,71.01706499760618,
Delhi,2026-07-10 09:00:00+00:00,59.0,103.0,2,18,57.90912480396409,59.0,91.38011695906432,70.2104582007592,
Delhi,2026-07-10 10:00:00+00:00,61.0,105.0,2,18,63.95262131533834,61.0,91.38011695906432,72.31508618703444,
Delhi,2026-07-10 11:00:00+00:00,61.0,109.0,2,18,64.98640896268711,61.0,91.38011695906432,60.23630718193322,
Delhi,2026-07-10 12:00:00+00:00,62.0,114.0,2,18,62.47013128275348,62.0,91.38011695906432,66.23039556832964,
Delhi,2026-07-10 13:00:00+00:00,64.0,120.0,2,18,66.4552678392296,64.0,91.38011695906432,77.59844874068995,
Delhi,2026-07-10 14:00:00+00:00,66.0,128.0,2,18,63.69186609332608,66.0,91.38011695906432,78.90819063969938,
Delhi,2026-07-10 15:00:00+00:00,70.0,136.0,2,18,65.33114305017625,70.0,91.38011695906432,93.80258158180214,
Delhi,2026-07-10 16:00:00+00:00,73.0,144.0,2,18,69.30802447299732,73.0,91.38011695906432,92.05584119104586,
Delhi,2026-07-10 17:00:00+00:00,77.0,153.0,2,18,74.97278423980741,77.0,91.38011695906432,99.48745500662795,
Delhi,2026-07-10 18:00:00+00:00,80.0,161.0,2,18,79.72180102333785,80.0,91.38011695906432,98.03392733591727,
Delhi,2026-07-10 19:00:00+00:00,83.0,169.0,2,18,83.54212849864032,83.0,91.38011695906432,99.55428166419954,
Delhi,2026-07-10 20:00:00+00:00,86.0,176.0,2,18,85.90639389578895,86.0,91.38011695906432,103.57316868087462,
Delhi,2026-07-10 21:00:00+00:00,88.0,182.0,2,18,87.34575804751384,88.0,91.38011695906432,99.4376358045021,
Delhi,2026-07-10 22:00:00+00:00,90.0,189.0,2,18,90.89365066008976,90.0,91.38011695906432,100.61081285328464,
Delhi,2026-07-10 23:00:00+00:00,92.0,195.0,2,18,92.80913424428972,92.0,91.38011695906432,103.8757385150606,
Delhi,2026-07-11 00:00:00+00:00,94.0,202.0,2,18,96.6369852903904,94.0,91.38011695906432,105.8885628945557,
Delhi,2026-07-11 01:00:00+00:00,97.0,210.0,2,18,98.14852019018781,97.0,91.38011695906432,114.94688465628404,
Delhi,2026-07-11 02:00:00+00:00,100.0,215.0,2,18,103.95736772486772,100.0,91.38011695906432,118.58577293333018,
Delhi,2026-07-11 03:00:00+00:00,103.0,219.0,2,18,106.33189090782511,103.0,91.38011695906432,120.35709835670833,
Delhi,2026-07-11 04:00:00+00:00,105.0,221.0,2,18,108.81897631072631,105.0,91.38011695906432,116.0749174569422,
Delhi,2026-07-11 05:00:00+00:00,109.0,223.0,2,18,114.51571018062397,109.0,91.38011695906432,132.29566549562279,
Delhi,2026-07-11 06:00:00+00:00,114.0,225.0,2,18,124.58447208538587,114.0,91.38011695906432,146.06565756472864,
Delhi,2026-07-11 07:00:00+00:00,120.0,225.0,2,18,133.6473763740776,120.0,91.38011695906432,156.3666086052332,
Delhi,2026-07-11 08:00:00+00:00,128.0,225.0,2,18,142.20499591149593,128.0,91.38011695906432,176.1386209062662,
Bengaluru,2026-07-11 09:00:00+00:00,66.0,67.0,3,18,68.83583616668666,66.0,87.78861788617886,65.94967354658831,
Bengaluru,2026-07-11 10:00:00+00:00,66.0,67.0,3,18,69.03021345606395,66.0,87.78861788617886,65.96398008126275,
Bengaluru,2026-07-11 11:00:00+00:00,67.0,67.0,3,18,71.13059967585596,67.0,87.78861788617886,68.11694010302011,
Bengaluru,2026-07-11 12:00:00+00:00,67.0,68.0,3,18,71.95545188905908,67.0,87.78861788617886,67.90223531040061,
Bengaluru,2026-07-11 13:00:00+00:00,68.0,68.0,3,18,74.88724036495752,68.0,87.78861788617886,69.61675132524452,
Bengaluru,2026-07-11 14:00:00+00:00,68.0,69.0,3,18,79.11100864660325,68.0,87.78861788617886,69.05906740431054,
Bengaluru,2026-07-11 15:00:00+00:00,69.0,69.0,3,18,77.24557088425374,69.0,87.78861788617886,70.59494020139775,
Bengaluru,2026-07-11 16:00:00+00:00,69.0,70.0,3,18,73.48672501271423,69.0,87.78861788617886,69.98383820714342,
Bengaluru,2026-07-11 17:00:00+00:00,69.0,70.0,3,18,72.44124694078616,69.0,87.78861788617886,69.3958247326697,
Bengaluru,2026-07-11 18:00:00+00:00,69.0,71.0,3,18,72.36551083794905,69.0,87.78861788617886,69.04094538729925,
Bengaluru,2026-07-11 19:00:00+00:00,69.0,71.0,3,18,71.9510998487958,69.0,87.78861788617886,68.90256053105054,
Bengaluru,2026-07-11 20:00:00+00:00,69.0,70.0,3,18,71.81871463095727,69.0,87.78861788617886,68.89202076449952,
Bengaluru,2026-07-11 21:00:00+00:00,68.0,70.0,3,18,70.25076505828005,68.0,87.78861788617886,66.7955005640381,
Bengaluru,2026-07-11 22:00:00+00:00,68.0,70.0,3,18,70.08284051651205,68.0,87.78861788617886,67.063247120256,
Bengaluru,2026-07-11 23:00:00+00:00,68.0,70.0,3,18,70.03715209176599,68.0,87.78861788617886,67.51450937895075,
Bengaluru,2026-07-12 00:00:00+00:00,68.0,70.0,3,18,70.01758917400743,68.0,87.78861788617886,67.85643731278009,
Bengaluru,2026-07-12 01:00:00+00:00,68.0,70.0,3,18,70.14481813437226,68.0,87.78861788617886,68.02963619268324,
Bengaluru,2026-07-12 02:00:00+00:00,68.0,71.0,3,18,70.48104041766084,68.0,87.78861788617886,68.07817554945434,
Bengaluru,2026-07-12 03:00:00+00:00,67.0,71.0,3,18,69.72232226797462,67.0,87.78861788617886,65.93080436560315,
Bengaluru,2026-07-12 04:00:00+00:00,67.0,71.0,3,18,70.06010359985987,67.0,87.78861788617886,66.1291602212243,
Bengaluru,2026-07-12 05:00:00+00:00,67.0,72.0,3,18,70.30956827245933,67.0,87.78861788617886,66.53119104160861,
Bengaluru,2026-07-12 06:00:00+00:00,68.0,72.0,3,18,71.8707650299502,68.0,87.78861788617886,68.98392996053983,
Bengaluru,2026-07-12 07:00:00+00:00,68.0,73.0,3,18,73.43157897670888,68.0,87.78861788617886,68.923809573788,
Bengaluru,2026-07-12 08:00:00+00:00,69.0,73.0,3,18,74.32993786107544,69.0,87.78861788617886,70.68351552667129,
Bengaluru,2026-07-12 09:00:00+00:00,69.0,73.0,3,18,74.29019038632796,69.0,87.78861788617886,70.11589289424703,
Bengaluru,2026-07-12 10:00:00+00:00,70.0,73.0,3,18,82.11869800617878,70.0,87.78861788617886,71.62657065479442,
Bengaluru,2026-07-12 11:00:00+00:00,70.0,73.0,3,18,84.85855931154008,70.0,87.78861788617886,70.99464563394307,
Bengaluru,2026-07-12 12:00:00+00:00,71.0,73.0,3,18,89.54517315194802,71.0,87.78861788617886,72.52951518684566,
Bengaluru,2026-07-12 13:00:00+00:00,71.0,73.0,3,18,89.89383901386388,71.0,87.78861788617886,71.94311758717036,
Bengaluru,2026-07-12 14:00:00+00:00,70.0,73.0,3,18,86.02169074546562,70.0,87.78861788617886,69.24501693216838,
Bengaluru,2026-07-12 15:00:00+00:00,70.0,73.0,3,18,84.60163663291152,70.0,87.78861788617886,69.13263451316577,
Bengaluru,2026-07-12 16:00:00+00:00,70.0,73.0,3,18,84.1606602499893,70.0,87.78861788617886,69.42589087129105,
Bengaluru,2026-07-12 17:00:00+00:00,70.0,72.0,3,18,76.39372570234741,70.0,87.78861788617886,69.74711710604335,
Bengaluru,2026-07-12 18:00:00+00:00,70.0,72.0,3,18,74.15782448820208,70.0,87.78861788617886,69.95501673621112,
Bengaluru,2026-07-12 19:00:00+00:00,70.0,72.0,3,18,73.60778090270261,70.0,87.78861788617886,70.04412643708476,
Bengaluru,2026-07-12 20:00:00+00:00,71.0,73.0,3,18,74.55943000450232,71.0,87.78861788617886,72.19226309343611,
Bengaluru,2026-07-12 21:00:00+00:00,71.0,73.0,3,18,74.4955753074235,71.0,87.78861788617886,71.9470492937674,
Bengaluru,2026-07-12 22:00:00+00:00,71.0,73.0,3,18,74.625756850638,71.0,87.78861788617886,71.49963569474752,
Bengaluru,2026-07-12 23:00:00+00:00,72.0,74.0,3,18,75.26129103867218,72.0,87.78861788617886,73.28784354406486,
Bengaluru,2026-07-13 00:00:00+00:00,72.0,74.0,3,18,72.47170154998993,72.0,87.78861788617886,72.88157912633625,
Bengaluru,2026-07-13 01:00:00+00:00,73.0,74.0,3,18,76.1601885259769,73.0,87.78861788617886,74.537768726895,
Bengaluru,2026-07-13 02:00:00+00:00,73.0,73.0,3,18,76.96116013769851,73.0,87.78861788617886,73.99015974375477,
Bengaluru,2026-07-13 03:00:00+00:00,73.0,73.0,3,18,76.63017041391467,73.0,87.78861788617886,73.42167976343995,
Bengaluru,2026-07-13 04:00:00+00:00,73.0,73.0,3,18,73.94798636666529,73.0,87.78861788617886,73.06365461508517,
Bengaluru,2026-07-13 05:00:00+00:00,73.0,73.0,3,18,76.61018766283362,73.0,87.78861788617886,72.91548665244737,
Bengaluru,2026-07-13 06:00:00+00:00,73.0,73.0,3,18,79.07745019006674,73.0,87.78861788617886,72.8966147540009,
Bengaluru,2026-07-13 07:00:00+00:00,73.0,73.0,3,18,76.67721827872563,73.0,87.78861788617886,72.92967569459388,
Bengaluru,2026-07-13 08:00:00+00:00,73.0,73.0,3,18,74.75845854308284,73.0,87.78861788617886,72.96803442420722,
Bengaluru,2026-07-13 09:00:00+00:00,73.0,73.0,3,18,74.67800302455733,73.0,87.78861788617886,72.99353738720211,
Bengaluru,2026-07-13 10:00:00+00:00,73.0,73.0,3,18,73.6777791724434,73.0,87.78861788617886,73.00483010075884,
Bengaluru,2026-07-13 11:00:00+00:00,72.0,73.0,3,18,72.91587688645777,72.0,87.78861788617886,70.87266415054678,
Bengaluru,2026-07-13 12:00:00+00:00,72.0,73.0,3,18,75.12630771624889,72.0,87.78861788617886,71.09853946035234,
Bengaluru,2026-07-13 13:00:00+00:00,72.0,74.0,3,18,78.41479815554816,72.0,87.78861788617886,71.52181041054857,
Bengaluru,2026-07-13 14:00:00+00:00,73.0,73.0,3,18,77.26767344610727,73.0,87.78861788617886,73.9854853921071,
Bengaluru,2026-07-13 15:00:00+00:00,73.0,74.0,3,18,76.48860288276013,73.0,87.78861788617886,73.92855079815907,
Bengaluru,2026-07-13 16:00:00+00:00,73.0,74.0,3,18,75.02331278533033,73.0,87.78861788617886,73.55332169697904,
Bengaluru,2026-07-13 17:00:00+00:00,74.0,74.0,3,18,74.92113103081034,74.0,87.78861788617886,75.34593241162058,
Bengaluru,2026-07-13 18:00:00+00:00,74.0,75.0,3,18,75.2059761294204,74.0,87.78861788617886,74.91894810444478,
Bengaluru,2026-07-13 19:00:00+00:00,74.0,75.0,3,18,74.5581795957072,74.0,87.78861788617886,74.41944357807772,
Bengaluru,2026-07-13 20:00:00+00:00,73.0,77.0,3,18,73.40996501137226,73.0,87.78861788617886,71.95190316031125,
Bengaluru,2026-07-13 21:00:00+00:00,73.0,78.0,3,18,73.6393936104745,73.0,87.78861788617886,72.03147517015071,
Bengaluru,2026-07-13 22:00:00+00:00,73.0,79.0,3,18,73.61838850811768,73.0,87.78861788617886,72.42983771031018,
Bengaluru,2026-07-13 23:00:00+00:00,73.0,80.0,3,18,72.79162028296167,73.0,87.78861788617886,72.78589532292463,
Bengaluru,2026-07-14 00:00:00+00:00,73.0,81.0,3,18,78.95715909506634,73.0,87.78861788617886,72.99099041061379,
Bengaluru,2026-07-14 01:00:00+00:00,73.0,81.0,3,18,75.07646501137226,73.0,87.78861788617886,73.06535603643172,
Bengaluru,2026-07-14 02:00:00+00:00,73.0,81.0,3,18,72.90788937404662,73.0,87.78861788617886,73.06604460683563,
Bengaluru,2026-07-14 03:00:00+00:00,73.0,81.0,3,18,74.27702534510172,73.0,87.78861788617886,73.04099416497345,
Delhi,2026-07-11 09:00:00+00:00,136.0,227.0,3,18,175.04128034547153,136.0,87.78861788617886,188.53492087783604,
Delhi,2026-07-11 10:00:00+00:00,144.0,230.0,3,18,181.58435177404294,144.0,87.78861788617886,193.73950391251398,
Delhi,2026-07-11 11:00:00+00:00,153.0,234.0,3,18,190.9611995373907,153.0,87.78861788617886,210.04876520341924,
Delhi,2026-07-11 12:00:00+00:00,161.0,240.0,3,18,200.91267171717175,161.0,87.78861788617886,211.88995698752873,
Delhi,2026-07-11 13:00:00+00:00,169.0,245.0,3,18,208.6782510822511,169.0,87.78861788617886,217.8255687619704,
Delhi,2026-07-11 14:00:00+00:00,176.0,250.0,3,18,214.52464393939397,176.0,87.78861788617886,219.04993706986184,
Delhi,2026-07-11 15:00:00+00:00,182.0,255.0,3,18,220.12540331890335,182.0,87.78861788617886,217.81985055499243,
Delhi,2026-07-11 16:00:00+00:00,189.0,262.0,3,18,225.5539760702261,189.0,87.78861788617886,232.8450754281957,
Delhi,2026-07-11 17:00:00+00:00,195.0,269.0,3,18,232.7435396825397,195.0,87.78861788617886,233.62679290335782,
Delhi,2026-07-11 18:00:00+00:00,202.0,277.0,3,18,236.27913492063493,202.0,87.78861788617886,245.56702628010117,
Delhi,2026-07-11 19:00:00+00:00,210.0,285.0,3,18,246.87085714285718,210.0,87.78861788617886,262.4166211709311,
Delhi,2026-07-11 20:00:00+00:00,215.0,292.0,3,18,248.21721311858076,215.0,87.78861788617886,245.12156693884762,
Delhi,2026-07-11 21:00:00+00:00,219.0,299.0,3,18,242.83252777777778,219.0,87.78861788617886,238.7272938914694,
Delhi,2026-07-11 22:00:00+00:00,221.0,306.0,3,18,250.11728835978838,221.0,87.78861788617886,230.88589277758402,
Delhi,2026-07-11 23:00:00+00:00,223.0,311.0,3,18,253.2557380952381,223.0,87.78861788617886,234.1201719550578,
Delhi,2026-07-12 00:00:00+00:00,225.0,317.0,3,18,256.36618783068786,225.0,87.78861788617886,238.22059980776345,
Delhi,2026-07-12 01:00:00+00:00,225.0,319.0,3,18,245.83643783068783,225.0,87.78861788617886,223.48144239918807,
Delhi,2026-07-12 02:00:00+00:00,225.0,317.0,3,18,259.74937433862436,225.0,87.78861788617886,222.17315652144515,
Delhi,2026-07-12 03:00:00+00:00,227.0,314.0,3,18,260.9334973544974,227.0,87.78861788617886,241.82823605814568,
Delhi,2026-07-12 04:00:00+00:00,230.0,312.0,3,18,260.7475978835979,230.0,87.78861788617886,253.05089688772816,
Delhi,2026-07-12 05:00:00+00:00,234.0,310.0,3,18,270.34152248677253,234.0,87.78861788617886,260.78940151665,
Delhi,2026-07-12 06:00:00+00:00,240.0,309.0,3,18,276.06224470899474,240.0,87.78861788617886,279.9481185394255,
Delhi,2026-07-12 07:00:00+00:00,245.0,308.0,3,18,280.2803439153439,245.0,87.78861788617886,277.8459955569544,
Delhi,2026-07-12 08:00:00+00:00,250.0,308.0,3,18,285.2495132275132,250.0,87.78861788617886,279.5409875235098,
Delhi,2026-07-12 09:00:00+00:00,255.0,307.0,3,18,289.86902910052913,255.0,87.78861788617886,286.2131714718515,
Delhi,2026-07-12 10:00:00+00:00,262.0,303.0,3,18,295.78766798941797,262.0,87.78861788617886,308.26333791525127,
Delhi,2026-07-12 11:00:00+00:00,269.0,297.0,3,18,302.59687433862433,269.0,87.78861788617886,315.73721470003335,
Delhi,2026-07-12 12:00:00+00:00,277.0,288.0,3,18,306.3460489417989,277.0,87.78861788617886,327.63290373294933,
Delhi,2026-07-12 13:00:00+00:00,285.0,278.0,3,18,313.86187037037035,285.0,87.78861788617886,336.08412610600317,
Delhi,2026-07-12 14:00:00+00:00,292.0,266.0,3,18,324.84550781625785,292.0,87.78861788617886,335.0218144169032,
Delhi,2026-07-12 15:00:00+00:00,299.0,253.0,3,18,332.5313411495912,299.0,87.78861788617886,341.52413437027604,
Delhi,2026-07-12 16:00:00+00:00,306.0,240.0,3,18,337.20289273689275,306.0,87.78861788617886,350.3010961644205,
Delhi,2026-07-12 17:00:00+00:00,311.0,226.0,3,18,343.89244564694565,311.0,87.78861788617886,340.9517405785492,
Delhi,2026-07-12 18:00:00+00:00,317.0,212.0,3,18,342.42632936507937,317.0,87.78861788617886,352.8953065592004,
Delhi,2026-07-12 19:00:00+00:00,319.0,199.0,3,18,351.768246031746,319.0,87.78861788617886,329.71984959314193,
Delhi,2026-07-12 20:00:00+00:00,317.0,191.0,3,18,345.919876984127,317.0,87.78861788617886,295.7794702815614,
Delhi,2026-07-12 21:00:00+00:00,314.0,184.0,3,18,336.5020238095238,314.0,87.78861788617886,289.4658877369185,
Delhi,2026-07-12 22:00:00+00:00,312.0,174.0,3,18,328.03027513227516,312.0,87.78861788617886,301.0517258818094,
Delhi,2026-07-12 23:00:00+00:00,310.0,164.0,3,18,323.3468902116402,310.0,87.78861788617886,299.9678073022574,
Delhi,2026-07-13 00:00:00+00:00,309.0,155.0,3,18,320.98644444444443,309.0,87.78861788617886,303.16638715690414,
Delhi,2026-07-13 01:00:00+00:00,308.0,151.0,3,18,321.76801984126985,308.0,87.78861788617886,302.5098734475292,
Delhi,2026-07-13 02:00:00+00:00,308.0,150.0,3,18,333.20363227513224,308.0,87.78861788617886,308.7771817969737,
Delhi,2026-07-13 03:00:00+00:00,307.0,151.0,3,18,333.5601626984127,307.0,87.78861788617886,300.9726089619047,
Delhi,2026-07-13 04:00:00+00:00,303.0,152.0,3,18,331.4762777777778,303.0,87.78861788617886,273.5720456802007,
Delhi,2026-07-13 05:00:00+00:00,297.0,153.0,3,18,325.26429365079366,297.0,87.78861788617886,253.43736162726654,
Delhi,2026-07-13 06:00:00+00:00,288.0,152.0,3,18,321.69999338624336,288.0,87.78861788617886,227.08087810648473,
Delhi,2026-07-13 07:00:00+00:00,278.0,151.0,3,18,316.33598367569255,278.0,87.78861788617886,211.51545285159872,
Delhi,2026-07-13 08:00:00+00:00,266.0,150.0,3,18,298.9398108465608,266.0,87.78861788617886,188.41694374046685,
Delhi,2026-07-13 09:00:00+00:00,253.0,151.0,3,18,287.12958333333336,253.0,87.78861788617886,168.44906408003553,
Delhi,2026-07-13 10:00:00+00:00,240.0,152.0,3,18,273.66243506493504,240.0,87.78861788617886,157.4296158887518,
Delhi,2026-07-13 11:00:00+00:00,226.0,155.0,3,18,257.9987037037037,226.0,87.78861788617886,137.6796715869886,
Delhi,2026-07-13 12:00:00+00:00,212.0,158.0,3,18,245.7132619047619,212.0,87.78861788617886,122.76224846357964,
Delhi,2026-07-13 13:00:00+00:00,199.0,161.0,3,18,232.3802233044733,199.0,87.78861788617886,118.24635542529903,
Delhi,2026-07-13 14:00:00+00:00,191.0,163.0,3,18,224.47906601731603,191.0,87.78861788617886,146.8091565931589,
Delhi,2026-07-13 15:00:00+00:00,184.0,165.0,3,18,220.85064141414142,184.0,87.78861788617886,147.29065321177538,
Delhi,2026-07-13 16:00:00+00:00,174.0,166.0,3,18,208.04300096200097,174.0,87.78861788617886,108.14963043724424,
Delhi,2026-07-13 17:00:00+00:00,164.0,168.0,3,18,190.89495856920857,164.0,87.78861788617886,95.5047560718541,
Delhi,2026-07-13 18:00:00+00:00,155.0,168.0,3,18,177.77639141414141,155.0,87.78861788617886,100.15490759674599,
Delhi,2026-07-13 19:00:00+00:00,151.0,168.0,3,18,184.6481394901395,151.0,87.78861788617886,132.90190853298083,
Delhi,2026-07-13 20:00:00+00:00,150.0,166.0,3,18,184.6870998429675,150.0,87.78861788617886,152.64147702588048,
Delhi,2026-07-13 21:00:00+00:00,151.0,162.0,3,18,186.41951851851852,151.0,87.78861788617886,161.34482743594643,
Delhi,2026-07-13 22:00:00+00:00,152.0,161.0,3,18,178.32558862433862,152.0,87.78861788617886,158.93390739631113,
Delhi,2026-07-13 23:00:00+00:00,153.0,161.0,3,18,179.74185185185183,153.0,87.78861788617886,158.38092716128065,
Delhi,2026-07-14 00:00:00+00:00,152.0,160.0,3,18,163.5890806878307,152.0,87.78861788617886,143.79107872289643,
Delhi,2026-07-14 01:00:00+00:00,151.0,158.0,3,18,161.41715873015875,151.0,87.78861788617886,142.23677065331825,
Delhi,2026-07-14 02:00:00+00:00,150.0,157.0,3,18,171.61575396825396,150.0,87.78861788617886,144.2214132769996,
Delhi,2026-07-14 03:00:00+00:00,151.0,155.0,3,18,179.28586171236168,151.0,87.78861788617886,159.62272368890277,
Bengaluru,2026-07-14 04:00:00+00:00,73.0,81.0,4,18,76.55356882161372,73.0,100.43290734824281,73.00146986084953,
Bengaluru,2026-07-14 05:00:00+00:00,73.0,81.0,4,18,76.19769633252155,73.0,100.43290734824281,72.99627864613649,
Bengaluru,2026-07-14 06:00:00+00:00,73.0,81.0,4,18,74.91226691068965,73.0,100.43290734824281,72.99646079730033,
Bengaluru,2026-07-14 07:00:00+00:00,74.0,81.0,4,18,76.24664133020602,74.0,100.43290734824281,74.98443283219233,
Bengaluru,2026-07-14 08:00:00+00:00,73.0,81.0,4,18,75.18711738441424,73.0,100.43290734824281,72.81940578870125,
Bengaluru,2026-07-14 09:00:00+00:00,74.0,80.0,4,18,76.04300629215354,74.0,100.43290734824281,74.56206477855694,
Bengaluru,2026-07-14 10:00:00+00:00,74.0,80.0,4,18,75.84446828611402,74.0,100.43290734824281,74.50544435692221,
Bengaluru,2026-07-14 11:00:00+00:00,74.0,80.0,4,18,75.80272121887964,74.0,100.43290734824281,74.25600343773888,
Bengaluru,2026-07-14 12:00:00+00:00,75.0,80.0,4,18,77.27428089130956,75.0,100.43290734824281,76.05082785007205,
Bengaluru,2026-07-14 13:00:00+00:00,75.0,79.0,4,18,78.04232136003641,75.0,100.43290734824281,75.78453909413135,
Bengaluru,2026-07-14 14:00:00+00:00,77.0,79.0,4,18,80.7807579537346,77.0,100.43290734824281,79.31731133316607,
Bengaluru,2026-07-14 15:00:00+00:00,78.0,78.0,4,18,82.28670239326975,78.0,100.43290734824281,80.65494274931078,
Bengaluru,2026-07-14 16:00:00+00:00,79.0,78.0,4,18,82.8043408254913,79.0,100.43290734824281,81.50143768750675,
Bengaluru,2026-07-14 17:00:00+00:00,80.0,77.0,4,18,81.66109943096386,80.0,100.43290734824281,82.27373220420208,
Bengaluru,2026-07-14 18:00:00+00:00,81.0,76.0,4,18,81.96618290601694,81.0,100.43290734824281,83.12898762137492,
Bengaluru,2026-07-14 19:00:00+00:00,81.0,74.0,4,18,81.7038104733389,81.0,100.43290734824281,82.08907703581627,
Bengaluru,2026-07-14 20:00:00+00:00,81.0,73.0,4,18,82.09641738912818,81.0,100.43290734824281,81.28082776393991,
Bengaluru,2026-07-14 21:00:00+00:00,81.0,71.0,4,18,80.601562050215,81.0,100.43290734824281,80.91308617240087,
Bengaluru,2026-07-14 22:00:00+00:00,81.0,70.0,4,18,81.85486833996814,81.0,100.43290734824281,80.84462410108769,
Bengaluru,2026-07-14 23:00:00+00:00,81.0,69.0,4,18,81.8344170261989,81.0,100.43290734824281,80.89597274976985,
Bengaluru,2026-07-15 00:00:00+00:00,81.0,68.0,4,18,81.64885603712597,81.0,100.43290734824281,80.9590210668656,
Bengaluru,2026-07-15 01:00:00+00:00,81.0,68.0,4,18,81.76110897216327,81.0,100.43290734824281,80.99648937600816,
Bengaluru,2026-07-15 02:00:00+00:00,81.0,68.0,4,18,81.80081892860935,81.0,100.43290734824281,81.00915891933977,
Bengaluru,2026-07-15 03:00:00+00:00,80.0,68.0,4,18,80.84828064901441,80.0,100.43290734824281,79.02239042624802,
Bengaluru,2026-07-15 04:00:00+00:00,80.0,69.0,4,18,80.43335759280174,80.0,100.43290734824281,79.19834202604365,
Bengaluru,2026-07-15 05:00:00+00:00,80.0,69.0,4,18,80.15705090340077,80.0,100.43290734824281,79.61938047182394,
Bengaluru,2026-07-15 06:00:00+00:00,80.0,69.0,4,18,80.2015944598162,80.0,100.43290734824281,79.9188464334754,
Bengaluru,2026-07-15 07:00:00+00:00,79.0,69.0,4,18,78.88554789099555,79.0,100.43290734824281,78.05826747680759,
Bengaluru,2026-07-15 08:00:00+00:00,79.0,69.0,4,18,78.83459513301037,79.0,100.43290734824281,78.25492456350729,
Bengaluru,2026-07-15 09:00:00+00:00,78.0,69.0,4,18,77.8474367531599,78.0,100.43290734824281,76.6697283058222,
Bengaluru,2026-07-15 10:00:00+00:00,78.0,69.0,4,18,77.82251235206247,78.0,100.43290734824281,77.12653006407469,
Bengaluru,2026-07-15 11:00:00+00:00,77.0,70.0,4,18,76.98924172481601,77.0,100.43290734824281,75.67719649305727,
Bengaluru,2026-07-15 12:00:00+00:00,76.0,70.0,4,18,76.06853569342151,76.0,100.43290734824281,74.18434986633461,
Bengaluru,2026-07-15 13:00:00+00:00,74.0,70.0,4,18,74.28816881073841,74.0,100.43290734824281,70.91931568671501,
Bengaluru,2026-07-15 14:00:00+00:00,73.0,70.0,4,18,74.59997933436884,73.0,100.43290734824281,70.01217063672124,
Bengaluru,2026-07-15 15:00:00+00:00,71.0,71.0,4,18,72.88521659369957,71.0,100.43290734824281,67.45966092791072,
Bengaluru,2026-07-15 16:00:00+00:00,70.0,71.0,4,18,71.98572201515223,70.0,100.43290734824281,66.9743620442936,
Bengaluru,2026-07-15 17:00:00+00:00,69.0,72.0,4,18,70.60105837907285,69.0,100.43290734824281,66.54999369041397,
Bengaluru,2026-07-15 18:00:00+00:00,68.0,72.0,4,18,69.75317108388143,68.0,100.43290734824281,65.87854297732147,
Bengaluru,2026-07-15 19:00:00+00:00,68.0,73.0,4,18,69.69523574208793,68.0,100.43290734824281,66.96920781550855,
Bengaluru,2026-07-15 20:00:00+00:00,68.0,73.0,4,18,69.90251680908521,68.0,100.43290734824281,67.76559145533075,
Bengaluru,2026-07-15 21:00:00+00:00,68.0,74.0,4,18,69.87716778609878,68.0,100.43290734824281,68.10845842210658,
Bengaluru,2026-07-15 22:00:00+00:00,69.0,74.0,4,18,70.97193224036246,69.0,100.43290734824281,70.14595071517182,
Bengaluru,2026-07-15 23:00:00+00:00,69.0,73.0,4,18,70.93606480354826,69.0,100.43290734824281,69.90744772702197,
Bengaluru,2026-07-16 00:00:00+00:00,69.0,73.0,4,18,71.40945840394507,69.0,100.43290734824281,69.41924462507092,
Bengaluru,2026-07-16 01:00:00+00:00,69.0,72.0,4,18,71.48363211369632,69.0,100.43290734824281,69.08217990005704,
Bengaluru,2026-07-16 02:00:00+00:00,69.0,72.0,4,18,71.47718059892051,69.0,100.43290734824281,68.94490612049819,
Bengaluru,2026-07-16 03:00:00+00:00,69.0,72.0,4,18,71.49222507974986,69.0,100.43290734824281,68.92977944206307,
Bengaluru,2026-07-16 04:00:00+00:00,69.0,72.0,4,18,71.43964931546093,69.0,100.43290734824281,68.95765103938115,
Bengaluru,2026-07-16 05:00:00+00:00,70.0,72.0,4,18,72.42398797000915,70.0,100.43290734824281,70.97166180428546,
Bengaluru,2026-07-16 06:00:00+00:00,70.0,72.0,4,18,72.49884210436088,70.0,100.43290734824281,70.80648531259986,
Bengaluru,2026-07-16 07:00:00+00:00,70.0,71.0,4,18,72.3363392824657,70.0,100.43290734824281,70.38640268234136,
Bengaluru,2026-07-16 08:00:00+00:00,70.0,71.0,4,18,72.31131986851925,70.0,100.43290734824281,70.08455575877281,
Bengaluru,2026-07-16 09:00:00+00:00,71.0,71.0,4,18,73.36873771535353,71.0,100.43290734824281,71.94286575788567,
Bengaluru,2026-07-16 10:00:00+00:00,71.0,70.0,4,18,73.33801596314548,71.0,100.43290734824281,71.74501752398805,
Bengaluru,2026-07-16 11:00:00+00:00,72.0,69.0,4,18,74.34647750160703,72.0,100.43290734824281,73.32988906352243,
Bengaluru,2026-07-16 12:00:00+00:00,72.0,68.0,4,18,74.2773631418166,72.0,100.43290734824281,72.87316770143006,
Bengaluru,2026-07-16 13:00:00+00:00,73.0,68.0,4,18,75.16590048188074,73.0,100.43290734824281,74.32266415665363,
Bengaluru,2026-07-16 14:00:00+00:00,73.0,67.0,4,18,75.26679522876417,73.0,100.43290734824281,73.82933436784153,
Bengaluru,2026-07-16 15:00:00+00:00,74.0,67.0,4,18,76.20511543303624,74.0,100.43290734824281,75.28821505011203,
Bengaluru,2026-07-16 16:00:00+00:00,74.0,66.0,4,18,76.3509478952499,74.0,100.43290734824281,74.81351609371089,
Bengaluru,2026-07-16 17:00:00+00:00,73.0,65.0,4,18,75.39287612610916,73.0,100.43290734824281,72.31259926903826,
Bengaluru,2026-07-16 18:00:00+00:00,73.0,64.0,4,18,76.05912799510918,73.0,100.43290734824281,72.20324849625884,
Bengaluru,2026-07-16 19:00:00+00:00,72.0,63.0,4,18,75.3476462736968,72.0,100.43290734824281,70.55157576369838,
Bengaluru,2026-07-16 20:00:00+00:00,72.0,62.0,4,18,75.33607839309437,72.0,100.43290734824281,71.0431719627209,
Bengaluru,2026-07-16 21:00:00+00:00,72.0,61.0,4,18,75.30355619612341,72.0,100.43290734824281,71.62877453705826,
Bengaluru,2026-07-16 22:00:00+00:00,72.0,61.0,4,18,75.56060794792921,72.0,100.43290734824281,71.97246078599522,
Delhi,2026-07-14 04:00:00+00:00,152.0,153.0,4,18,159.82019626030083,152.0,100.43290734824281,162.2420656439882,
Delhi,2026-07-14 05:00:00+00:00,155.0,152.0,4,18,192.36060840776,155.0,100.43290734824281,181.64898053996168,
Delhi,2026-07-14 06:00:00+00:00,158.0,152.0,4,18,215.42066749931774,158.0,100.43290734824281,183.91139097782093,
Delhi,2026-07-14 07:00:00+00:00,161.0,153.0,4,18,219.8789055818164,161.0,100.43290734824281,183.60532490789495,
Delhi,2026-07-14 08:00:00+00:00,163.0,153.0,4,18,215.7807484950153,163.0,100.43290734824281,176.1392377311573,
Delhi,2026-07-14 09:00:00+00:00,165.0,153.0,4,18,215.09894597155318,165.0,100.43290734824281,179.600879188426,
Delhi,2026-07-14 10:00:00+00:00,166.0,151.0,4,18,201.68886448865072,166.0,100.43290734824281,172.32869706859123,
Delhi,2026-07-14 11:00:00+00:00,168.0,148.0,4,18,204.1398459483577,168.0,100.43290734824281,184.69366140965317,
Delhi,2026-07-14 12:00:00+00:00,168.0,145.0,4,18,190.4726566776655,168.0,100.43290734824281,165.4245053561668,
Delhi,2026-07-14 13:00:00+00:00,168.0,143.0,4,18,187.3886412031921,168.0,100.43290734824281,164.87179321618933,
Delhi,2026-07-14 14:00:00+00:00,166.0,140.0,4,18,174.63007263973617,166.0,100.43290734824281,146.84609767531077,
Delhi,2026-07-14 15:00:00+00:00,162.0,139.0,4,18,166.34988471145172,162.0,100.43290734824281,124.04620337456853,
Delhi,2026-07-14 16:00:00+00:00,161.0,138.0,4,18,164.73252168018783,161.0,100.43290734824281,158.04151763899898,
Delhi,2026-07-14 17:00:00+00:00,161.0,137.0,4,18,167.56514300244567,161.0,100.43290734824281,168.8041870489702,
Delhi,2026-07-14 18:00:00+00:00,160.0,136.0,4,18,166.63180640624773,160.0,100.43290734824281,149.55980358531633,
Delhi,2026-07-14 19:00:00+00:00,158.0,136.0,4,18,162.72386844474985,158.0,100.43290734824281,137.19243014081795,
Delhi,2026-07-14 20:00:00+00:00,157.0,138.0,4,18,159.92237461267402,157.0,100.43290734824281,150.91315538456877,
Delhi,2026-07-14 21:00:00+00:00,155.0,141.0,4,18,160.25885133280926,155.0,100.43290734824281,139.5618142699487,
Delhi,2026-07-14 22:00:00+00:00,153.0,145.0,4,18,161.71299952052482,153.0,100.43290734824281,135.27152383392755,
Delhi,2026-07-14 23:00:00+00:00,152.0,148.0,4,18,161.31326133471234,152.0,100.43290734824281,146.5517208753746,
Delhi,2026-07-15 00:00:00+00:00,152.0,151.0,4,18,158.2298248410757,152.0,100.43290734824281,155.9327704901898,
Delhi,2026-07-15 01:00:00+00:00,153.0,153.0,4,18,160.10052654567426,153.0,100.43290734824281,163.6675554172056,
Delhi,2026-07-15 02:00:00+00:00,153.0,154.0,4,18,151.67384769324414,153.0,100.43290734824281,151.25330733634414,
Delhi,2026-07-15 03:00:00+00:00,153.0,155.0,4,18,152.01375721280954,153.0,100.43290734824281,151.0140470206517,
Delhi,2026-07-15 04:00:00+00:00,151.0,157.0,4,18,160.55312232216335,151.0,100.43290734824281,131.5267954024449,
Delhi,2026-07-15 05:00:00+00:00,148.0,158.0,4,18,154.25010030752276,148.0,100.43290734824281,119.89649596541148,
Delhi,2026-07-15 06:00:00+00:00,145.0,160.0,4,18,147.34149631410776,145.0,100.43290734824281,121.1901107121208,
Delhi,2026-07-15 07:00:00+00:00,143.0,161.0,4,18,145.61534345905082,143.0,100.43290734824281,130.4707365525165,
Delhi,2026-07-15 08:00:00+00:00,140.0,163.0,4,18,129.82173112116513,140.0,100.43290734824281,115.52421512468513,
Delhi,2026-07-15 09:00:00+00:00,139.0,165.0,4,18,143.8792129240236,139.0,100.43290734824281,133.37389927999035,
Delhi,2026-07-15 10:00:00+00:00,138.0,167.0,4,18,140.61045637268327,138.0,100.43290734824281,133.3086433218147,
Delhi,2026-07-15 11:00:00+00:00,137.0,169.0,4,18,132.8098361242927,137.0,100.43290734824281,128.280242814019,
Delhi,2026-07-15 12:00:00+00:00,136.0,171.0,4,18,134.52179593011036,136.0,100.43290734824281,127.60659613323975,
Delhi,2026-07-15 13:00:00+00:00,136.0,172.0,4,18,137.79317527809576,136.0,100.43290734824281,138.445446963642,
Delhi,2026-07-15 14:00:00+00:00,138.0,173.0,4,18,141.73446469642485,138.0,100.43290734824281,159.51600957136424,
Delhi,2026-07-15 15:00:00+00:00,141.0,173.0,4,18,170.57007461509772,141.0,100.43290734824281,168.74448635175435,
Delhi,2026-07-15 16:00:00+00:00,145.0,173.0,4,18,165.91719165556788,145.0,100.43290734824281,178.47861743456062,
Delhi,2026-07-15 17:00:00+00:00,148.0,173.0,4,18,168.31814350989302,148.0,100.43290734824281,169.84712732664312,
Delhi,2026-07-15 18:00:00+00:00,151.0,173.0,4,18,178.7555700096241,151.0,100.43290734824281,172.71424436387449,
Delhi,2026-07-15 19:00:00+00:00,153.0,173.0,4,18,173.3028758477099,153.0,100.43290734824281,167.09684967032922,
Delhi,2026-07-15 20:00:00+00:00,154.0,172.0,4,18,179.81671526932635,154.0,100.43290734824281,158.61609961660508,
Delhi,2026-07-15 21:00:00+00:00,155.0,172.0,4,18,177.04743585985375,155.0,100.43290734824281,161.97341156356583,
Delhi,2026-07-15 22:00:00+00:00,157.0,172.0,4,18,174.16868504120504,157.0,100.43290734824281,175.68035269910627,
Delhi,2026-07-15 23:00:00+00:00,158.0,173.0,4,18,182.53929552510937,158.0,100.43290734824281,165.0801998200205,
Delhi,2026-07-16 00:00:00+00:00,160.0,175.0,4,18,182.36126704304024,160.0,100.43290734824281,175.7509181674312,
Delhi,2026-07-16 01:00:00+00:00,161.0,178.0,4,18,179.51383266135605,161.0,100.43290734824281,168.43630086333468,
Delhi,2026-07-16 02:00:00+00:00,163.0,180.0,4,18,172.59909093914698,163.0,100.43290734824281,179.31223771114992,
Delhi,2026-07-16 03:00:00+00:00,165.0,182.0,4,18,179.20532412197,165.0,100.43290734824281,182.3358669337934,
Delhi,2026-07-16 04:00:00+00:00,167.0,184.0,4,18,181.30401293209732,167.0,100.43290734824281,182.3636375297535,
Delhi,2026-07-16 05:00:00+00:00,169.0,185.0,4,18,180.4180063786751,169.0,100.43290734824281,184.40607791812477,
Delhi,2026-07-16 06:00:00+00:00,171.0,187.0,4,18,182.81203118138112,171.0,100.43290734824281,186.80945907497275,
Delhi,2026-07-16 07:00:00+00:00,172.0,186.0,4,18,182.0877220076699,172.0,100.43290734824281,177.70271270822826,
Delhi,2026-07-16 08:00:00+00:00,173.0,185.0,4,18,185.2912953535279,173.0,100.43290734824281,179.4780721998392,
Delhi,2026-07-16 09:00:00+00:00,173.0,183.0,4,18,187.71774102491955,173.0,100.43290734824281,171.42731503295144,
Delhi,2026-07-16 10:00:00+00:00,173.0,181.0,4,18,186.24431823952358,173.0,100.43290734824281,171.86009731926444,
Delhi,2026-07-16 11:00:00+00:00,173.0,179.0,4,18,182.96152875900853,173.0,100.43290734824281,173.47321234837577,
Delhi,2026-07-16 12:00:00+00:00,173.0,178.0,4,18,191.28782816900463,173.0,100.43290734824281,173.17521243160934,
Delhi,2026-07-16 13:00:00+00:00,173.0,177.0,4,18,190.14532911904178,173.0,100.43290734824281,172.87927594845033,
Delhi,2026-07-16 14:00:00+00:00,172.0,176.0,4,18,189.3336876613027,172.0,100.43290734824281,161.93339957959336,
Delhi,2026-07-16 15:00:00+00:00,172.0,175.0,4,18,183.50510863755923,172.0,100.43290734824281,172.87882770705656,
Delhi,2026-07-16 16:00:00+00:00,172.0,174.0,4,18,196.35686190895302,172.0,100.43290734824281,173.97342553986118,
Delhi,2026-07-16 17:00:00+00:00,173.0,174.0,4,18,208.93612254598472,173.0,100.43290734824281,182.60887351691096,
Delhi,2026-07-16 18:00:00+00:00,175.0,174.0,4,18,206.04941923938355,175.0,100.43290734824281,193.8879204314651,
Delhi,2026-07-16 19:00:00+00:00,178.0,174.0,4,18,210.4224019551641,178.0,100.43290734824281,204.59877394789524,
Delhi,2026-07-16 20:00:00+00:00,180.0,175.0,4,18,198.13791358751928,180.0,100.43290734824281,194.07964509345283,
Delhi,2026-07-16 21:00:00+00:00,182.0,176.0,4,18,200.68449344947354,182.0,100.43290734824281,195.65157883524157,
Delhi,2026-07-16 22:00:00+00:00,184.0,176.0,4,18,181.735723913454,184.0,100.43290734824281,200.30217758119997,
Bengaluru,2026-07-16 23:00:00+00:00,72.0,61.0,5,18,64.0930265656638,72.0,103.51973684210526,72.13721190640607,
Bengaluru,2026-07-17 00:00:00+00:00,72.0,61.0,5,18,64.6714437644071,72.0,103.51973684210526,72.07064445597669,
Bengaluru,2026-07-17 01:00:00+00:00,71.0,60.0,5,18,64.97884788032923,71.0,103.51973684210526,69.78106148231969,
Bengaluru,2026-07-17 02:00:00+00:00,71.0,60.0,5,18,65.42570669828397,71.0,103.51973684210526,69.97871714931249,
Bengaluru,2026-07-17 03:00:00+00:00,71.0,59.0,5,18,65.28366909710671,71.0,103.51973684210526,70.61740468400293,
Bengaluru,2026-07-17 04:00:00+00:00,70.0,59.0,5,18,63.37793469738231,70.0,103.51973684210526,68.77597671642475,
Bengaluru,2026-07-17 05:00:00+00:00,69.0,58.0,5,18,62.83292415479629,69.0,103.51973684210526,66.86478609735046,
Bengaluru,2026-07-17 06:00:00+00:00,68.0,58.0,5,18,62.367564441902516,68.0,103.51973684210526,65.45779109209234,
Bengaluru,2026-07-17 07:00:00+00:00,68.0,57.0,5,18,64.03969936238,68.0,103.51973684210526,66.6500867076807,
Bengaluru,2026-07-17 08:00:00+00:00,67.0,57.0,5,18,65.03604950153708,67.0,103.51973684210526,65.51132292224639,
Bengaluru,2026-07-17 09:00:00+00:00,67.0,57.0,5,18,65.88596983312151,67.0,103.51973684210526,66.17068896908422,
Bengaluru,2026-07-17 10:00:00+00:00,66.0,57.0,5,18,65.47146346301962,66.0,103.51973684210526,64.59108295852191,
Bengaluru,2026-07-17 11:00:00+00:00,65.0,57.0,5,18,65.18451546581537,65.0,103.51973684210526,62.85580955649245,
Bengaluru,2026-07-17 12:00:00+00:00,64.0,57.0,5,18,63.12417666016446,64.0,103.51973684210526,61.50088544422036,
Bengaluru,2026-07-17 13:00:00+00:00,63.0,57.0,5,18,58.69156453781392,63.0,103.51973684210526,60.45104831817916,
Bengaluru,2026-07-17 14:00:00+00:00,62.0,57.0,5,18,62.00807458006549,62.0,103.51973684210526,59.51117824428072,
Bengaluru,2026-07-17 15:00:00+00:00,61.0,57.0,5,18,62.745249129101424,61.0,103.51973684210526,58.56613850549753,
Bengaluru,2026-07-17 16:00:00+00:00,61.0,57.0,5,18,61.5634218702025,61.0,103.51973684210526,59.819481382536,
Bengaluru,2026-07-17 17:00:00+00:00,61.0,57.0,5,18,61.31784846674822,61.0,103.51973684210526,60.83110392129354,
Bengaluru,2026-07-17 18:00:00+00:00,61.0,57.0,5,18,60.783012397798714,61.0,103.51973684210526,61.1978287017046,
Bengaluru,2026-07-17 19:00:00+00:00,60.0,57.0,5,18,59.73735024831285,60.0,103.51973684210526,58.95084022377707,
Bengaluru,2026-07-17 20:00:00+00:00,60.0,57.0,5,18,59.416349333491866,60.0,103.51973684210526,59.062444802585276,
Bengaluru,2026-07-17 21:00:00+00:00,59.0,57.0,5,18,58.18278149258723,59.0,103.51973684210526,57.398846113923014,
Bengaluru,2026-07-17 22:00:00+00:00,59.0,57.0,5,18,58.117302469345645,59.0,103.51973684210526,57.98276295308006,
Bengaluru,2026-07-17 23:00:00+00:00,58.0,57.0,5,18,57.44118601579435,58.0,103.51973684210526,56.49085718099827,
Bengaluru,2026-07-18 00:00:00+00:00,58.0,57.0,5,18,57.41957783298493,58.0,103.51973684210526,57.06777578908877,
Bengaluru,2026-07-18 01:00:00+00:00,57.0,58.0,5,18,56.20124165895628,57.0,103.51973684210526,55.52522668082765,
Bengaluru,2026-07-18 02:00:00+00:00,57.0,58.0,5,18,56.79920045586964,57.0,103.51973684210526,56.068917962687514,
Bengaluru,2026-07-18 03:00:00+00:00,57.0,58.0,5,18,59.20242201269809,57.0,103.51973684210526,56.74814649192151,
Bengaluru,2026-07-18 04:00:00+00:00,57.0,58.0,5,18,59.38034838547676,57.0,103.51973684210526,57.0738128108761,
Bengaluru,2026-07-18 05:00:00+00:00,57.0,58.0,5,18,58.771260505769646,57.0,103.51973684210526,57.11832366238855,
Bengaluru,2026-07-18 06:00:00+00:00,57.0,58.0,5,18,59.34082417917573,57.0,103.51973684210526,57.0623064531177,
Bengaluru,2026-07-18 07:00:00+00:00,57.0,59.0,5,18,59.27178218563023,57.0,103.51973684210526,57.01161676767758,
Bengaluru,2026-07-18 08:00:00+00:00,57.0,59.0,5,18,55.642015659299446,57.0,103.51973684210526,56.991431635266736,
Bengaluru,2026-07-18 09:00:00+00:00,57.0,59.0,5,18,57.99311385943811,57.0,103.51973684210526,56.990964034558324,
Bengaluru,2026-07-18 10:00:00+00:00,57.0,59.0,5,18,58.53258406352766,57.0,103.51973684210526,56.99602377144767,
Bengaluru,2026-07-18 11:00:00+00:00,57.0,59.0,5,18,56.44845899280215,57.0,103.51973684210526,56.999654693284626,
Bengaluru,2026-07-18 12:00:00+00:00,57.0,59.0,5,18,58.58778891413834,57.0,103.51973684210526,57.000821252949585,
Bengaluru,2026-07-18 13:00:00+00:00,57.0,60.0,5,18,59.509565918193246,57.0,103.51973684210526,57.00066119680229,
Bengaluru,2026-07-18 14:00:00+00:00,57.0,60.0,5,18,59.47200110477151,57.0,103.51973684210526,57.000239139944206,
Bengaluru,2026-07-18 15:00:00+00:00,57.0,60.0,5,18,60.50635816983222,57.0,103.51973684210526,56.99998936080274,
Bengaluru,2026-07-18 16:00:00+00:00,57.0,61.0,5,18,60.93253175799051,57.0,103.51973684210526,56.99992884418362,
Bengaluru,2026-07-18 17:00:00+00:00,57.0,61.0,5,18,60.43608685362514,57.0,103.51973684210526,56.999953529427785,
Bengaluru,2026-07-18 18:00:00+00:00,57.0,62.0,5,18,67.26066386202966,57.0,103.51973684210526,56.99998677631138,
Bengaluru,2026-07-18 19:00:00+00:00,58.0,62.0,5,18,70.67233347664724,58.0,103.51973684210526,59.23129857178755,
Bengaluru,2026-07-18 20:00:00+00:00,58.0,62.0,5,18,68.45617303956523,58.0,103.51973684210526,59.01100917494708,
Bengaluru,2026-07-18 21:00:00+00:00,58.0,61.0,5,18,58.91081212593035,58.0,103.51973684210526,58.3721793865098,
Bengaluru,2026-07-18 22:00:00+00:00,58.0,61.0,5,18,56.45326722038577,58.0,103.51973684210526,57.98825029167114,
Bengaluru,2026-07-18 23:00:00+00:00,58.0,60.0,5,18,55.47354734089061,58.0,103.51973684210526,57.89259044282812,
Bengaluru,2026-07-19 00:00:00+00:00,58.0,60.0,5,18,55.34676706778652,58.0,103.51973684210526,57.928703170321874,
Bengaluru,2026-07-19 01:00:00+00:00,59.0,60.0,5,18,58.07404421946909,59.0,103.51973684210526,60.210537583264184,
Bengaluru,2026-07-19 02:00:00+00:00,59.0,60.0,5,18,58.72333129379455,59.0,103.51973684210526,60.015635326007676,
Bengaluru,2026-07-19 03:00:00+00:00,59.0,60.0,5,18,58.135544228088946,59.0,103.51973684210526,59.38092249005909,
Bengaluru,2026-07-19 04:00:00+00:00,59.0,60.0,5,18,60.30562982717494,59.0,103.51973684210526,58.99307504299649,
Bengaluru,2026-07-19 05:00:00+00:00,59.0,60.0,5,18,60.323173222415335,59.0,103.51973684210526,58.89360185523649,
Bengaluru,2026-07-19 06:00:00+00:00,59.0,61.0,5,18,58.846388231272385,59.0,103.51973684210526,58.92811718559883,
Bengaluru,2026-07-19 07:00:00+00:00,60.0,61.0,5,18,59.69218369272693,60.0,103.51973684210526,61.20986175501639,
Bengaluru,2026-07-19 08:00:00+00:00,60.0,60.0,5,18,59.414094608766874,60.0,103.51973684210526,61.01532329643432,
Bengaluru,2026-07-19 09:00:00+00:00,60.0,60.0,5,18,59.61867669154875,60.0,103.51973684210526,60.380886522028405,
Bengaluru,2026-07-19 10:00:00+00:00,61.0,60.0,5,18,60.93321139704419,61.0,103.51973684210526,62.224428683562486,
Bengaluru,2026-07-19 11:00:00+00:00,61.0,60.0,5,18,63.99545125895806,61.0,103.51973684210526,61.90465525709266,
Bengaluru,2026-07-19 12:00:00+00:00,62.0,59.0,5,18,63.508895609917595,62.0,103.51973684210526,63.531607872443644,
Bengaluru,2026-07-19 13:00:00+00:00,62.0,59.0,5,18,63.541992852914284,62.0,103.51973684210526,62.97781937814753,
Bengaluru,2026-07-19 14:00:00+00:00,62.0,58.0,5,18,62.992898413610895,62.0,103.51973684210526,62.269081815726565,
Bengaluru,2026-07-19 15:00:00+00:00,61.0,58.0,5,18,61.87626653758579,61.0,103.51973684210526,59.69436464990198,
Bengaluru,2026-07-19 16:00:00+00:00,61.0,57.0,5,18,62.62532356822895,61.0,103.51973684210526,59.8657124765897,
Bengaluru,2026-07-19 17:00:00+00:00,60.0,56.0,5,18,60.91849917642745,60.0,103.51973684210526,58.33092516448076,
Delhi,2026-07-16 23:00:00+00:00,185.0,177.0,5,18,186.5777307187496,185.0,103.51973684210526,190.88227533509442,
Delhi,2026-07-17 00:00:00+00:00,187.0,177.0,5,18,185.30222547620266,187.0,103.51973684210526,202.81800515241065,
Delhi,2026-07-17 01:00:00+00:00,186.0,176.0,5,18,190.9780212713466,186.0,103.51973684210526,174.02871620958513,
Delhi,2026-07-17 02:00:00+00:00,185.0,176.0,5,18,185.58696517095376,185.0,103.51973684210526,173.1813651740587,
Delhi,2026-07-17 03:00:00+00:00,183.0,175.0,5,18,184.14520641900057,183.0,103.51973684210526,167.05222415020015,
Delhi,2026-07-17 04:00:00+00:00,181.0,174.0,5,18,183.2969109084925,181.0,103.51973684210526,165.20450509526015,
Delhi,2026-07-17 05:00:00+00:00,179.0,173.0,5,18,175.18219087751984,179.0,103.51973684210526,164.01217903967915,
Delhi,2026-07-17 06:00:00+00:00,178.0,172.0,5,18,175.88387761029244,178.0,103.51973684210526,172.55327809580328,
Delhi,2026-07-17 07:00:00+00:00,177.0,171.0,5,18,172.4586418050379,177.0,103.51973684210526,170.6523275757921,
Delhi,2026-07-17 08:00:00+00:00,176.0,171.0,5,18,177.25336132838723,176.0,103.51973684210526,167.84258602875195,
Delhi,2026-07-17 09:00:00+00:00,175.0,171.0,5,18,182.74930212232277,175.0,103.51973684210526,167.2085553339131,
Delhi,2026-07-17 10:00:00+00:00,174.0,170.0,5,18,173.47614768734326,174.0,103.51973684210526,166.53174040089314,
Delhi,2026-07-17 11:00:00+00:00,174.0,170.0,5,18,175.60872264108343,174.0,103.51973684210526,176.0801098477355,
Delhi,2026-07-17 12:00:00+00:00,174.0,170.0,5,18,177.54022577006165,174.0,103.51973684210526,175.27501802627782,
Delhi,2026-07-17 13:00:00+00:00,174.0,169.0,5,18,177.76126446521366,174.0,103.51973684210526,173.4539577567693,
Delhi,2026-07-17 14:00:00+00:00,175.0,169.0,5,18,182.86436978089273,175.0,103.51973684210526,184.4565950281204,
Delhi,2026-07-17 15:00:00+00:00,176.0,169.0,5,18,179.41998741699368,176.0,103.51973684210526,185.03229776243185,
Delhi,2026-07-17 16:00:00+00:00,176.0,170.0,5,18,178.9535942379735,176.0,103.51973684210526,173.42683525844905,
Delhi,2026-07-17 17:00:00+00:00,177.0,170.0,5,18,178.8509290152207,177.0,103.51973684210526,185.11849106712165,
Delhi,2026-07-17 18:00:00+00:00,177.0,169.0,5,18,180.0567490956285,177.0,103.51973684210526,176.91965232999837,
Delhi,2026-07-17 19:00:00+00:00,176.0,169.0,5,18,179.5188117920122,176.0,103.51973684210526,164.73482588142775,
Delhi,2026-07-17 20:00:00+00:00,176.0,169.0,5,18,184.59960915913013,176.0,103.51973684210526,176.9334213173861,
Delhi,2026-07-17 21:00:00+00:00,175.0,169.0,5,18,182.52850150686172,175.0,103.51973684210526,167.49556267627787,
Delhi,2026-07-17 22:00:00+00:00,174.0,168.0,5,18,183.6266961930275,174.0,103.51973684210526,164.68947695052313,
Delhi,2026-07-17 23:00:00+00:00,173.0,168.0,5,18,181.74559739275406,173.0,103.51973684210526,165.55793137378066,
Delhi,2026-07-18 00:00:00+00:00,172.0,168.0,5,18,188.5771264263644,172.0,103.51973684210526,164.72570111521964,
Delhi,2026-07-18 01:00:00+00:00,171.0,168.0,5,18,187.39799802790688,171.0,103.51973684210526,163.33585829247198,
Delhi,2026-07-18 02:00:00+00:00,171.0,167.0,5,18,188.7313531794793,171.0,103.51973684210526,172.99715762194,
Delhi,2026-07-18 03:00:00+00:00,171.0,167.0,5,18,189.55608897273788,171.0,103.51973684210526,172.32261720707112,
Delhi,2026-07-18 04:00:00+00:00,170.0,168.0,5,18,188.1643756501382,170.0,103.51973684210526,159.8109810301989,
Delhi,2026-07-18 05:00:00+00:00,170.0,168.0,5,18,181.09818754218028,170.0,103.51973684210526,170.54287562533517,
Delhi,2026-07-18 06:00:00+00:00,170.0,169.0,5,18,183.6409762477977,170.0,103.51973684210526,171.9758020751618,
Delhi,2026-07-18 07:00:00+00:00,169.0,170.0,5,18,177.51811066627064,169.0,103.51973684210526,159.0337174719359,
Delhi,2026-07-18 08:00:00+00:00,169.0,171.0,5,18,180.713225713287,169.0,103.51973684210526,169.38969885402423,
Delhi,2026-07-18 09:00:00+00:00,169.0,171.0,5,18,180.2103921120494,169.0,103.51973684210526,170.94715847944926,
Delhi,2026-07-18 10:00:00+00:00,170.0,171.0,5,18,175.67475764622625,170.0,103.51973684210526,179.37644374913836,
Delhi,2026-07-18 11:00:00+00:00,170.0,171.0,5,18,180.30182080554357,170.0,103.51973684210526,168.88878782624798,
Delhi,2026-07-18 12:00:00+00:00,169.0,171.0,5,18,177.9863817062593,169.0,103.51973684210526,157.59012106137484,
Delhi,2026-07-18 13:00:00+00:00,169.0,170.0,5,18,179.00149239423584,169.0,103.51973684210526,170.15387386755796,
Delhi,2026-07-18 14:00:00+00:00,169.0,169.0,5,18,179.30916716355316,169.0,103.51973684210526,171.15633736989818,
Delhi,2026-07-18 15:00:00+00:00,169.0,168.0,5,18,179.5121051244509,169.0,103.51973684210526,168.5479144003609,
Delhi,2026-07-18 16:00:00+00:00,168.0,167.0,5,18,178.40693247446129,168.0,103.51973684210526,157.96195270910937,
Delhi,2026-07-18 17:00:00+00:00,168.0,166.0,5,18,182.71310145568626,168.0,103.51973684210526,168.88120875230885,
Delhi,2026-07-18 18:00:00+00:00,168.0,165.0,5,18,180.29206207573264,168.0,103.51973684210526,169.9108656455683,
Delhi,2026-07-18 19:00:00+00:00,168.0,165.0,5,18,182.48095989712854,168.0,103.51973684210526,167.6275561117555,
Delhi,2026-07-18 20:00:00+00:00,167.0,164.0,5,18,182.16265347156823,167.0,103.51973684210526,157.00270043039492,
Delhi,2026-07-18 21:00:00+00:00,167.0,162.0,5,18,182.49414732982356,167.0,103.51973684210526,167.86113304635995,
Delhi,2026-07-18 22:00:00+00:00,168.0,159.0,5,18,185.43399098956655,168.0,103.51973684210526,179.5594243189565,
Delhi,2026-07-18 23:00:00+00:00,168.0,157.0,5,18,186.29846832623818,168.0,103.51973684210526,166.88059573201923,
Delhi,2026-07-19 00:00:00+00:00,169.0,154.0,5,18,186.9784193737335,169.0,103.51973684210526,176.46491138186414,
Delhi,2026-07-19 01:00:00+00:00,170.0,150.0,5,18,187.71393577015382,170.0,103.51973684210526,179.35167744033544,
Delhi,2026-07-19 02:00:00+00:00,171.0,148.0,5,18,188.42705581401103,171.0,103.51973684210526,178.44571311412673,
Delhi,2026-07-19 03:00:00+00:00,171.0,145.0,5,18,186.69458261409795,171.0,103.51973684210526,168.61110056245548,
Delhi,2026-07-19 04:00:00+00:00,171.0,143.0,5,18,187.9411567360044,171.0,103.51973684210526,169.7612687697315,
Delhi,2026-07-19 05:00:00+00:00,171.0,141.0,5,18,187.66539630661896,171.0,103.51973684210526,171.60387911141237,
Delhi,2026-07-19 06:00:00+00:00,171.0,139.0,5,18,187.4973017298994,171.0,103.51973684210526,171.1848317696847,
Delhi,2026-07-19 07:00:00+00:00,170.0,138.0,5,18,185.7062372388349,170.0,103.51973684210526,160.20594032242934,
Delhi,2026-07-19 08:00:00+00:00,169.0,136.0,5,18,182.36577984658945,169.0,103.51973684210526,160.0744709261835,
Delhi,2026-07-19 09:00:00+00:00,168.0,134.0,5,18,182.9284111188971,168.0,103.51973684210526,160.97484614257974,
Delhi,2026-07-19 10:00:00+00:00,167.0,133.0,5,18,181.79522738337403,167.0,103.51973684210526,159.60601030871373,
Delhi,2026-07-19 11:00:00+00:00,166.0,132.0,5,18,179.48362619664172,166.0,103.51973684210526,158.2650479834294,
Delhi,2026-07-19 12:00:00+00:00,165.0,131.0,5,18,178.95644477842225,165.0,103.51973684210526,157.37369726949117,
Delhi,2026-07-19 13:00:00+00:00,165.0,131.0,5,18,178.16651417508817,165.0,103.51973684210526,167.08511631834529,
Delhi,2026-07-19 14:00:00+00:00,164.0,130.0,5,18,177.473674563329,164.0,103.51973684210526,155.65139952213735,
Delhi,2026-07-19 15:00:00+00:00,162.0,129.0,5,18,177.94430872921058,162.0,103.51973684210526,142.89212143943627,
Delhi,2026-07-19 16:00:00+00:00,159.0,127.0,5,18,175.28569625089474,159.0,103.51973684210526,133.18330656920182,
Delhi,2026-07-19 17:00:00+00:00,157.0,124.0,5,18,172.64795396451183,157.0,103.51973684210526,143.43163248722203,
Bengaluru,2026-07-19 18:00:00+00:00,60.0,56.0,6,18,59.44937575415393,60.0,104.44854586129753,58.776492985059626,
Bengaluru,2026-07-19 19:00:00+00:00,60.0,55.0,6,18,60.05568537104439,60.0,104.44854586129753,59.613455867564134,
Bengaluru,2026-07-19 20:00:00+00:00,60.0,56.0,6,18,60.7509175321979,60.0,104.44854586129753,59.9900583945922,
Bengaluru,2026-07-19 21:00:00+00:00,60.0,56.0,6,18,61.24010975563234,60.0,104.44854586129753,60.06283549482677,
Bengaluru,2026-07-19 22:00:00+00:00,60.0,56.0,6,18,61.02857503810745,60.0,104.44854586129753,60.03872193514786,
Bengaluru,2026-07-19 23:00:00+00:00,60.0,56.0,6,18,60.37962986247922,60.0,104.44854586129753,60.011608733659514,
Bengaluru,2026-07-20 00:00:00+00:00,61.0,56.0,6,18,61.13762511359082,61.0,104.44854586129753,62.40147049293365,
Bengaluru,2026-07-22 21:00:00+00:00,55.0,56.0,6,18,54.867611783385804,55.0,104.44854586129753,54.95952607207805,
Bengaluru,2026-07-22 22:00:00+00:00,55.0,57.0,6,18,54.72563829016199,55.0,104.44854586129753,54.98320336324299,
Bengaluru,2026-07-22 23:00:00+00:00,55.0,58.0,6,18,54.73754305206675,55.0,104.44854586129753,54.9968075898377,
Bengaluru,2026-07-23 00:00:00+00:00,54.0,58.0,6,18,53.986707931859875,54.0,104.44854586129753,52.595663704986414,
Bengaluru,2026-07-23 01:00:00+00:00,54.0,59.0,6,18,53.82603861975825,54.0,104.44854586129753,52.84788018914419,
Bengaluru,2026-07-23 02:00:00+00:00,53.0,59.0,6,18,53.22432519878559,53.0,104.44854586129753,51.17009235451201,
Bengaluru,2026-07-23 03:00:00+00:00,53.0,60.0,6,18,53.41928980066713,53.0,104.44854586129753,51.7901240515244,
Bengaluru,2026-07-23 04:00:00+00:00,53.0,60.0,6,18,53.22319655557273,53.0,104.44854586129753,52.61355846548629,
Bengaluru,2026-07-23 05:00:00+00:00,52.0,60.0,6,18,52.13863983458756,52.0,104.44854586129753,50.586170801305116,
Bengaluru,2026-07-23 06:00:00+00:00,53.0,61.0,6,18,53.833021776445875,53.0,104.44854586129753,53.30016957811705,
Bengaluru,2026-07-23 07:00:00+00:00,53.0,62.0,6,18,53.989152086664554,53.0,104.44854586129753,53.76625512686689,
Bengaluru,2026-07-23 08:00:00+00:00,53.0,62.0,6,18,54.11603455513841,53.0,104.44854586129753,53.39732293582617,
Bengaluru,2026-07-23 09:00:00+00:00,54.0,62.0,6,18,54.67420625664606,54.0,104.44854586129753,55.49905028287696,
Bengaluru,2026-07-23 10:00:00+00:00,54.0,63.0,6,18,54.83161486049108,54.0,104.44854586129753,55.14954214225235,
Bengaluru,2026-07-25 06:00:00+00:00,57.0,53.0,6,18,56.98584828836689,57.0,104.44854586129753,56.340039013926216,
Bengaluru,2026-07-25 07:00:00+00:00,56.0,52.0,6,18,55.490035390045044,56.0,104.44854586129753,53.945381649356726,
Bengaluru,2026-07-25 08:00:00+00:00,56.0,51.0,6,18,55.64904741912625,56.0,104.44854586129753,54.728870554031865,
Bengaluru,2026-07-25 09:00:00+00:00,55.0,51.0,6,18,54.66716368015864,55.0,104.44854586129753,53.18931374034967,
Bengaluru,2026-07-25 10:00:00+00:00,55.0,51.0,6,18,54.30338266976996,55.0,104.44854586129753,53.829468859869394,
Bengaluru,2026-07-25 11:00:00+00:00,55.0,50.0,6,18,54.71710392722753,55.0,104.44854586129753,54.63333098029839,
Bengaluru,2026-07-25 12:00:00+00:00,55.0,50.0,6,18,54.41565168216526,55.0,104.44854586129753,54.992307721594216,
Bengaluru,2026-07-25 13:00:00+00:00,56.0,50.0,6,18,55.455012156736316,56.0,104.44854586129753,57.46214076999858,
Bengaluru,2026-07-25 14:00:00+00:00,55.0,50.0,6,18,54.25065253384027,55.0,104.44854586129753,54.79826601320529,
Bengaluru,2026-07-25 15:00:00+00:00,56.0,50.0,6,18,55.571343075237024,56.0,104.44854586129753,56.68457746371737,
Bengaluru,2026-07-25 16:00:00+00:00,55.0,51.0,6,18,53.948891817123695,55.0,104.44854586129753,54.37544466709618,
Bengaluru,2026-07-25 17:00:00+00:00,55.0,50.0,6,18,53.859599213921115,55.0,104.44854586129753,54.17253948503554,
Bengaluru,2026-07-25 18:00:00+00:00,54.0,51.0,6,18,52.860407033568386,54.0,104.44854586129753,52.222794951937594,
Bengaluru,2026-07-25 19:00:00+00:00,54.0,51.0,6,18,52.84116959417014,54.0,104.44854586129753,52.763294815321494,
Bengaluru,2026-07-25 20:00:00+00:00,54.0,51.0,6,18,52.79067574814688,54.0,104.44854586129753,53.588435586113434,
Bengaluru,2026-07-25 21:00:00+00:00,54.0,50.0,6,18,52.8022233671945,54.0,104.44854586129753,53.97768829645205,
Bengaluru,2026-07-25 22:00:00+00:00,54.0,50.0,6,18,52.85189559447702,54.0,104.44854586129753,54.060005949045255,
Bengaluru,2026-07-25 23:00:00+00:00,53.0,51.0,6,18,51.836830056536904,53.0,104.44854586129753,51.63773246852749,
Bengaluru,2026-07-26 00:00:00+00:00,53.0,51.0,6,18,51.88624458415481,53.0,104.44854586129753,51.84964425004488,
Bengaluru,2026-07-26 01:00:00+00:00,52.0,51.0,6,18,50.95630415690131,52.0,104.44854586129753,50.16396955756983,
Bengaluru,2026-07-26 02:00:00+00:00,51.0,51.0,6,18,49.89716522421529,51.0,104.44854586129753,48.384547623521456,
Bengaluru,2026-07-26 03:00:00+00:00,51.0,50.0,6,18,49.889943083441466,51.0,104.44854586129753,49.449501995050575,
Bengaluru,2026-07-26 04:00:00+00:00,51.0,49.0,6,18,50.09497877429912,51.0,104.44854586129753,50.552827021180306,
Bengaluru,2026-07-26 05:00:00+00:00,50.0,49.0,6,18,51.65735549264866,50.0,104.44854586129753,48.61097828528349,
Bengaluru,2026-07-26 06:00:00+00:00,50.0,49.0,6,18,50.87369349077077,50.0,104.44854586129753,48.924026548191314,
Bengaluru,2026-07-26 07:00:00+00:00,50.0,49.0,6,18,51.20402714856812,50.0,104.44854586129753,49.61399312094928,
Bengaluru,2026-07-26 08:00:00+00:00,50.0,50.0,6,18,51.16071339533292,50.0,104.44854586129753,49.96416011172795,
Bengaluru,2026-07-26 09:00:00+00:00,50.0,50.0,6,18,49.17148061115595,50.0,104.44854586129753,50.04750846116487,
Bengaluru,2026-07-26 10:00:00+00:00,51.0,50.0,6,18,51.05023631773294,51.0,104.44854586129753,52.43583261599438,
Bengaluru,2026-07-26 11:00:00+00:00,50.0,51.0,6,18,49.77896964363578,50.0,104.44854586129753,49.77299482190159,
Bengaluru,2026-07-26 12:00:00+00:00,51.0,51.0,6,18,50.64718866281701,51.0,104.44854586129753,51.67438857142019,
Bengaluru,2026-07-26 13:00:00+00:00,51.0,51.0,6,18,50.60172756641522,51.0,104.44854586129753,51.77546606618238,
Bengaluru,2026-07-26 14:00:00+00:00,51.0,51.0,6,18,50.235746404833684,51.0,104.44854586129753,51.33624770200546,
Bengaluru,2026-07-26 15:00:00+00:00,50.0,50.0,6,18,49.32414037615107,50.0,104.44854586129753,48.65844686849907,
Bengaluru,2026-07-26 16:00:00+00:00,50.0,50.0,6,18,49.90247303072436,50.0,104.44854586129753,48.812743461897135,
Bengaluru,2026-07-26 17:00:00+00:00,51.0,50.0,6,18,50.258979690855675,51.0,104.44854586129753,51.94163304013491,
Bengaluru,2026-07-26 18:00:00+00:00,51.0,49.0,6,18,49.953575060265635,51.0,104.44854586129753,52.10326139687155,
Bengaluru,2026-07-26 19:00:00+00:00,51.0,49.0,6,18,49.91588583232074,51.0,104.44854586129753,51.48154927400141,
Bengaluru,2026-07-26 22:00:00+00:00,49.0,49.0,6,18,51.88238151386665,49.0,104.44854586129753,46.40003849455239,
Bengaluru,2026-07-26 23:00:00+00:00,49.0,48.0,6,18,52.954062839158375,49.0,104.44854586129753,47.387500455276204,
Bengaluru,2026-07-27 00:00:00+00:00,49.0,48.0,6,18,51.91724311588381,49.0,104.44854586129753,48.513609548401305,
Bengaluru,2026-07-27 01:00:00+00:00,49.0,48.0,6,18,50.74230805411057,49.0,104.44854586129753,49.00045321551048,
Bengaluru,2026-07-27 02:00:00+00:00,50.0,49.0,6,18,51.01319242782499,50.0,104.44854586129753,51.488213320455934,
Bengaluru,2026-07-27 03:00:00+00:00,50.0,49.0,6,18,51.007816788039506,50.0,104.44854586129753,51.21368573557216,
Bengaluru,2026-07-27 04:00:00+00:00,50.0,49.0,6,18,51.64492142129867,50.0,104.44854586129753,50.44937499033544,
Bengaluru,2026-07-27 06:00:00+00:00,51.0,50.0,6,18,50.81751780545604,51.0,104.44854586129753,52.111541086143575,
Delhi,2026-07-19 18:00:00+00:00,154.0,121.0,6,18,143.36790610463697,154.0,104.44854586129753,131.31995854420722,
Delhi,2026-07-19 19:00:00+00:00,150.0,118.0,6,18,151.1124914606085,150.0,104.44854586129753,116.30530814097733,
Delhi,2026-07-19 20:00:00+00:00,148.0,115.0,6,18,144.37062695012054,148.0,104.44854586129753,135.3233934226765,
Delhi,2026-07-19 21:00:00+00:00,145.0,113.0,6,18,142.2536408535227,145.0,104.44854586129753,123.7300435822092,
Delhi,2026-07-19 22:00:00+00:00,143.0,111.0,6,18,142.25066819122458,143.0,104.44854586129753,127.74987182923063,
Delhi,2026-07-19 23:00:00+00:00,141.0,110.0,6,18,143.72371719126093,141.0,104.44854586129753,126.99901440344794,
Delhi,2026-07-20 00:00:00+00:00,139.0,108.0,6,18,146.80455539996964,139.0,104.44854586129753,123.81508629129121,
Delhi,2026-07-22 21:00:00+00:00,69.0,74.0,6,18,114.73189887887523,69.0,104.44854586129753,66.84995502201711,
Delhi,2026-07-22 22:00:00+00:00,69.0,73.0,6,18,114.2083802047389,69.0,104.44854586129753,69.13751822442092,
Delhi,2026-07-22 23:00:00+00:00,69.0,72.0,6,18,115.03699965550803,69.0,104.44854586129753,69.04108032456793,
Delhi,2026-07-23 00:00:00+00:00,68.0,72.0,6,18,105.82033416893515,68.0,104.44854586129753,58.6564105253919,
Delhi,2026-07-23 01:00:00+00:00,68.0,72.0,6,18,104.01292722715124,68.0,104.44854586129753,68.57438981173578,
Delhi,2026-07-23 02:00:00+00:00,68.0,72.0,6,18,103.61009266028442,68.0,104.44854586129753,69.6718342137017,
Delhi,2026-07-23 03:00:00+00:00,68.0,73.0,6,18,102.96198017554693,68.0,104.44854586129753,67.78614563172343,
Delhi,2026-07-23 04:00:00+00:00,69.0,73.0,6,18,106.39826694940095,69.0,104.44854586129753,78.08579430999467,
Delhi,2026-07-23 05:00:00+00:00,69.0,73.0,6,18,106.01601736711189,69.0,104.44854586129753,68.51497919612335,
Delhi,2026-07-23 06:00:00+00:00,70.0,74.0,6,18,106.63243574619779,70.0,104.44854586129753,77.74516668981626,
Delhi,2026-07-23 07:00:00+00:00,71.0,75.0,6,18,106.98997455051733,71.0,104.44854586129753,80.02995468739067,
Delhi,2026-07-23 08:00:00+00:00,71.0,75.0,6,18,105.55568883623161,71.0,104.44854586129753,69.0604940883051,
Delhi,2026-07-23 09:00:00+00:00,72.0,76.0,6,18,106.39533272698915,72.0,104.44854586129753,79.84977566979651,
Delhi,2026-07-23 10:00:00+00:00,73.0,76.0,6,18,106.68179665581624,73.0,104.44854586129753,82.28963853265248,
Delhi,2026-07-25 06:00:00+00:00,70.0,81.0,6,18,109.03763373891692,70.0,104.44854586129753,68.48928445419959,
Delhi,2026-07-25 07:00:00+00:00,71.0,81.0,6,18,115.1414210679025,71.0,104.44854586129753,79.01182008674905,
Delhi,2026-07-25 08:00:00+00:00,73.0,81.0,6,18,117.20759396101893,73.0,104.44854586129753,90.0670564201516,
Delhi,2026-07-25 09:00:00+00:00,74.0,81.0,6,18,123.39704905398136,74.0,104.44854586129753,80.9342550542994,
Delhi,2026-07-25 10:00:00+00:00,74.0,81.0,6,18,118.91102815744495,74.0,104.44854586129753,70.5223125623758,
Delhi,2026-07-25 11:00:00+00:00,75.0,82.0,6,18,127.73399354051631,75.0,104.44854586129753,83.33317090949754,
Delhi,2026-07-25 12:00:00+00:00,76.0,82.0,6,18,92.16126462655498,76.0,104.44854586129753,85.53867232955946,
Delhi,2026-07-25 13:00:00+00:00,76.0,83.0,6,18,127.52111275465043,76.0,104.44854586129753,73.91982523609421,
Delhi,2026-07-25 14:00:00+00:00,75.0,83.0,6,18,121.79156110066405,75.0,104.44854586129753,64.00920101111714,
Delhi,2026-07-25 15:00:00+00:00,75.0,84.0,6,18,122.41202825534174,75.0,104.44854586129753,76.02888257508829,
Delhi,2026-07-25 16:00:00+00:00,76.0,84.0,6,18,125.15899258349722,76.0,104.44854586129753,87.32508911209084,
Delhi,2026-07-25 17:00:00+00:00,76.0,85.0,6,18,133.39345412387857,76.0,104.44854586129753,75.14203028966728,
Delhi,2026-07-25 18:00:00+00:00,76.0,86.0,6,18,135.35494306290565,76.0,104.44854586129753,73.9808434831969,
Delhi,2026-07-25 19:00:00+00:00,77.0,87.0,6,18,129.15357844208307,77.0,104.44854586129753,86.66647614925655,
Delhi,2026-07-25 20:00:00+00:00,78.0,89.0,6,18,129.4819258184268,78.0,104.44854586129753,87.18634594292048,
Delhi,2026-07-25 21:00:00+00:00,79.0,91.0,6,18,131.3976112190828,79.0,104.44854586129753,86.0766175944767,
Delhi,2026-07-25 22:00:00+00:00,80.0,94.0,6,18,133.82751051640855,80.0,104.44854586129753,87.3014801587268,
Delhi,2026-07-25 23:00:00+00:00,80.0,96.0,6,18,137.08898977412395,80.0,104.44854586129753,78.29513673145165,
Delhi,2026-07-26 00:00:00+00:00,81.0,99.0,6,18,133.4490556620309,81.0,104.44854586129753,89.1512175244088,
Delhi,2026-07-26 01:00:00+00:00,81.0,100.0,6,18,133.34169335208884,81.0,104.44854586129753,80.84882190871244,
Delhi,2026-07-26 02:00:00+00:00,81.0,101.0,6,18,122.70997995254757,81.0,104.44854586129753,79.51645387667658,
Delhi,2026-07-26 03:00:00+00:00,81.0,103.0,6,18,126.8149504350039,81.0,104.44854586129753,81.12396363698016,
Delhi,2026-07-26 04:00:00+00:00,81.0,104.0,6,18,122.58471200336575,81.0,104.44854586129753,81.26375133022938,
Delhi,2026-07-26 05:00:00+00:00,82.0,105.0,6,18,126.41744552393783,82.0,104.44854586129753,91.33844242919707,
Delhi,2026-07-26 06:00:00+00:00,82.0,106.0,6,18,130.72863920121324,82.0,104.44854586129753,81.4111202810872,
Delhi,2026-07-26 07:00:00+00:00,83.0,108.0,6,18,130.08345608905472,83.0,104.44854586129753,90.70561698767473,
Delhi,2026-07-26 08:00:00+00:00,83.0,110.0,6,18,129.61582176227446,83.0,104.44854586129753,82.67328134499391,
Delhi,2026-07-26 09:00:00+00:00,84.0,111.0,6,18,132.1540624850717,84.0,104.44854586129753,91.98774967273624,
Delhi,2026-07-26 10:00:00+00:00,84.0,111.0,6,18,131.24772665022203,84.0,104.44854586129753,83.60694423573969,
Delhi,2026-07-26 11:00:00+00:00,85.0,111.0,6,18,120.87400867886099,85.0,104.44854586129753,92.94036572497595,
Delhi,2026-07-26 12:00:00+00:00,86.0,111.0,6,18,96.44738121320611,86.0,104.44854586129753,95.00044046588953,
Delhi,2026-07-26 13:00:00+00:00,87.0,111.0,6,18,91.33086970733804,87.0,104.44854586129753,94.4049155875471,
Delhi,2026-07-26 14:00:00+00:00,89.0,110.0,6,18,97.35758739603361,89.0,104.44854586129753,105.69250421119922,
Delhi,2026-07-26 15:00:00+00:00,91.0,111.0,6,18,101.456619351333,91.0,104.44854586129753,107.44755586311555,
Delhi,2026-07-26 16:00:00+00:00,94.0,111.0,6,18,102.60833861066169,94.0,104.44854586129753,118.14017200299546,
Delhi,2026-07-26 17:00:00+00:00,96.0,111.0,6,18,103.98569270460918,96.0,104.44854586129753,110.37301839504354,
Delhi,2026-07-26 18:00:00+00:00,99.0,110.0,6,18,108.55387877427547,99.0,104.44854586129753,121.91032693070646,
Delhi,2026-07-26 19:00:00+00:00,100.0,109.0,6,18,101.64481296455195,100.0,104.44854586129753,105.45462327794884,
Delhi,2026-07-26 20:00:00+00:00,101.0,108.0,6,18,104.98252957455584,101.0,104.44854586129753,105.89240834382687,
Delhi,2026-07-26 21:00:00+00:00,103.0,107.0,6,18,101.23306739592958,103.0,104.44854586129753,120.505156744976,
Delhi,2026-07-26 22:00:00+00:00,104.0,105.0,6,18,107.95509154530608,104.0,104.44854586129753,111.47686264583754,
Delhi,2026-07-26 23:00:00+00:00,105.0,104.0,6,18,111.27673317132226,105.0,104.44854586129753,110.75144818841827,
Delhi,2026-07-27 00:00:00+00:00,106.0,103.0,6,18,111.57761847240687,106.0,104.44854586129753,113.70065842201018,
Delhi,2026-07-27 01:00:00+00:00,108.0,101.0,6,18,103.0535634292872,108.0,104.44854586129753,125.26855005295974,
Delhi,2026-07-27 02:00:00+00:00,110.0,100.0,6,18,116.64766391408888,110.0,104.44854586129753,126.35599442556537,
Delhi,2026-07-27 03:00:00+00:00,111.0,97.0,6,18,117.88274691521839,111.0,104.44854586129753,116.28404183025874,
Bengaluru,2026-07-27 08:00:00+00:00,51.0,50.0,7,18,50.77716163804886,51.0,100.40446168768186,51.04080239086764,
Bengaluru,2026-07-27 09:00:00+00:00,50.0,50.0,7,18,49.76942956204832,50.0,100.40446168768186,48.711970881766334,
Bengaluru,2026-07-27 10:00:00+00:00,50.0,49.0,7,18,48.894467250059634,50.0,100.40446168768186,48.855529685618414,
Bengaluru,2026-07-27 11:00:00+00:00,50.0,49.0,7,18,48.91943538552159,50.0,100.40446168768186,49.559205974573544,
Bengaluru,2026-07-27 12:00:00+00:00,49.0,50.0,7,18,50.45742126267285,49.0,100.40446168768186,47.70258206249556,
Bengaluru,2026-07-27 13:00:00+00:00,49.0,50.0,7,18,50.7310582529697,49.0,100.40446168768186,47.935319218760824,
Bengaluru,2026-07-27 16:00:00+00:00,49.0,50.0,7,18,51.058636204629764,49.0,100.40446168768186,49.11828871453178,
Bengaluru,2026-07-27 17:00:00+00:00,48.0,50.0,7,18,50.5031083515489,48.0,100.40446168768186,46.946649088116715,
Bengaluru,2026-07-27 18:00:00+00:00,48.0,50.0,7,18,49.37224147076671,48.0,100.40446168768186,46.98006710129581,
Bengaluru,2026-07-27 19:00:00+00:00,48.0,50.0,7,18,47.79323938280161,48.0,100.40446168768186,47.592014020074814,
Bengaluru,2026-07-27 20:00:00+00:00,49.0,50.0,7,18,47.878898175044384,49.0,100.40446168768186,50.18246675623066,
Bengaluru,2026-07-27 21:00:00+00:00,49.0,50.0,7,18,47.77413882120135,49.0,100.40446168768186,50.147291212249016,
Bengaluru,2026-07-27 22:00:00+00:00,49.0,50.0,7,18,47.187904814791494,49.0,100.40446168768186,49.46112032928152,
Bengaluru,2026-07-28 00:00:00+00:00,50.0,50.0,7,18,44.1215813751974,50.0,100.40446168768186,51.12602677239151,
Bengaluru,2026-07-28 02:00:00+00:00,50.0,50.0,7,18,43.93800739517777,50.0,100.40446168768186,50.21284500970865,
Bengaluru,2026-07-28 03:00:00+00:00,50.0,51.0,7,18,44.38604705923678,50.0,100.40446168768186,50.01817456661818,
Bengaluru,2026-07-28 13:00:00+00:00,50.0,59.0,7,18,43.49274384671908,50.0,100.40446168768186,49.90798836445793,
Bengaluru,2026-07-28 16:00:00+00:00,50.0,67.0,7,18,45.23662783510376,50.0,100.40446168768186,50.014887948772056,
Bengaluru,2026-07-28 17:00:00+00:00,50.0,67.0,7,18,45.08854477649044,50.0,100.40446168768186,50.002440153729324,
Bengaluru,2026-07-28 18:00:00+00:00,50.0,67.0,7,18,43.47236292977001,50.0,100.40446168768186,49.99878988549692,
Bengaluru,2026-07-28 19:00:00+00:00,50.0,67.0,7,18,43.53353810744738,50.0,100.40446168768186,49.998860688955745,
Bengaluru,2026-07-28 20:00:00+00:00,50.0,67.0,7,18,45.02674093344639,50.0,100.40446168768186,49.99954842481859,
Bengaluru,2026-07-28 21:00:00+00:00,51.0,67.0,7,18,45.91567973348988,51.0,100.40446168768186,52.24239341178503,
Bengaluru,2026-08-03 16:00:00+00:00,53.0,53.0,7,18,46.93431781154046,53.0,100.40446168768186,53.372371920715885,
Bengaluru,2026-08-03 18:00:00+00:00,54.0,52.0,7,18,48.38701880541403,54.0,100.40446168768186,55.19165255979638,
Bengaluru,2026-08-04 06:00:00+00:00,56.0,48.0,7,18,53.3784674143699,56.0,100.40446168768186,56.054040688026554,
Bengaluru,2026-08-04 07:00:00+00:00,55.0,48.0,7,18,52.60027741535364,55.0,100.40446168768186,53.6183366599293,
Bengaluru,2026-08-04 08:00:00+00:00,55.0,48.0,7,18,52.73420558319218,55.0,100.40446168768186,53.876903057426645,
Bengaluru,2026-08-04 20:00:00+00:00,48.0,54.0,7,18,46.507834508911685,48.0,100.40446168768186,46.886411165644915,
Bengaluru,2026-08-04 22:00:00+00:00,48.0,54.0,7,18,46.383756059592045,48.0,100.40446168768186,47.87917931944515,
Bengaluru,2026-08-05 00:00:00+00:00,48.0,55.0,7,18,46.22019655762972,48.0,100.40446168768186,48.03528394320065,
Bengaluru,2026-08-05 01:00:00+00:00,48.0,56.0,7,18,47.1552845850195,48.0,100.40446168768186,48.033034669413944,
Bengaluru,2026-08-07 02:00:00+00:00,55.0,50.0,7,18,55.65307334217645,55.0,100.40446168768186,54.7758394295254,
Bengaluru,2026-08-07 06:00:00+00:00,56.0,48.0,7,18,55.16437955237532,56.0,100.40446168768186,56.72435439282523,
Bengaluru,2026-08-07 07:00:00+00:00,55.0,48.0,7,18,55.77755101055474,55.0,100.40446168768186,54.19225885469695,
Bengaluru,2026-08-07 08:00:00+00:00,55.0,49.0,7,18,57.424581219474135,55.0,100.40446168768186,54.021469807339535,
Bengaluru,2026-08-07 09:00:00+00:00,55.0,49.0,7,18,56.9701632448291,55.0,100.40446168768186,54.57506513833094,
Bengaluru,2026-08-07 11:00:00+00:00,54.0,48.0,7,18,55.93051969486881,54.0,100.40446168768186,52.86054569840278,
Bengaluru,2026-08-07 12:00:00+00:00,54.0,49.0,7,18,60.18114651775866,54.0,100.40446168768186,53.28000690845489,
Bengaluru,2026-08-07 15:00:00+00:00,52.0,49.0,7,18,52.34698662340461,52.0,100.40446168768186,50.249320515171135,
Bengaluru,2026-08-07 16:00:00+00:00,52.0,49.0,7,18,52.50473152334028,52.0,100.40446168768186,50.97192774596185,
Bengaluru,2026-08-07 17:00:00+00:00,51.0,50.0,7,18,52.08054053876914,51.0,100.40446168768186,49.43628652707164,
Bengaluru,2026-08-07 18:00:00+00:00,51.0,51.0,7,18,53.81105251035084,51.0,100.40446168768186,49.89695734681587,
Bengaluru,2026-08-07 19:00:00+00:00,50.0,51.0,7,18,50.49296351035861,50.0,100.40446168768186,48.388936211660535,
Bengaluru,2026-08-07 20:00:00+00:00,50.0,52.0,7,18,51.009656374117114,50.0,100.40446168768186,48.86956501163281,
Bengaluru,2026-08-07 21:00:00+00:00,50.0,52.0,7,18,51.43672517626423,50.0,100.40446168768186,49.6246241162754,
Bengaluru,2026-08-07 22:00:00+00:00,50.0,53.0,7,18,51.400808644597916,50.0,100.40446168768186,49.98077931676534,
Bengaluru,2026-08-07 23:00:00+00:00,49.0,53.0,7,18,54.64039914402057,49.0,100.40446168768186,47.81277900584672,
Bengaluru,2026-08-08 00:00:00+00:00,48.0,53.0,7,18,53.526654941775874,48.0,100.40446168768186,45.6826183976223,
Bengaluru,2026-08-09 19:00:00+00:00,52.0,56.0,7,18,51.703729628535626,52.0,100.40446168768186,51.880522682634364,
Bengaluru,2026-08-09 20:00:00+00:00,52.0,56.0,7,18,52.72111065867513,52.0,100.40446168768186,51.94491266516315,
Bengaluru,2026-08-09 21:00:00+00:00,52.0,57.0,7,18,51.57850269415767,52.0,100.40446168768186,51.98865492033062,
Bengaluru,2026-08-09 22:00:00+00:00,52.0,57.0,7,18,50.32129303593465,52.0,100.40446168768186,52.00180546021192,
Bengaluru,2026-08-09 23:00:00+00:00,52.0,58.0,7,18,50.28451629667619,52.0,100.40446168768186,52.00299372656619,
Bengaluru,2026-08-10 00:00:00+00:00,52.0,58.0,7,18,49.80865935291664,52.0,100.40446168768186,52.00142950515416,
Bengaluru,2026-08-10 01:00:00+00:00,52.0,59.0,7,18,50.79342554023663,52.0,100.40446168768186,52.0003053677945,
Bengaluru,2026-08-10 02:00:00+00:00,53.0,59.0,7,18,50.76511730129349,53.0,100.40446168768186,54.24238393392497,
Bengaluru,2026-08-10 03:00:00+00:00,53.0,60.0,7,18,52.451054148789815,53.0,100.40446168768186,54.110503968231534,
Bengaluru,2026-08-10 04:00:00+00:00,53.0,61.0,7,18,51.1363254908543,53.0,100.40446168768186,53.4290253021473,
Bengaluru,2026-08-10 05:00:00+00:00,54.0,61.0,7,18,52.651532955916146,54.0,100.40446168768186,55.29655449586738,
Bengaluru,2026-08-10 06:00:00+00:00,54.0,62.0,7,18,52.01065335090453,54.0,100.40446168768186,55.06625999275978,
Bengaluru,2026-08-10 07:00:00+00:00,54.0,62.0,7,18,52.565424963946825,54.0,100.40446168768186,54.393575726536646,
Bengaluru,2026-08-10 08:00:00+00:00,54.0,62.0,7,18,52.41633831088863,54.0,100.40446168768186,54.04121517520076,
Bengaluru,2026-08-10 09:00:00+00:00,54.0,62.0,7,18,53.106383643227325,54.0,100.40446168768186,53.9543967397132,
Bengaluru,2026-08-10 10:00:00+00:00,54.0,63.0,7,18,52.65090413195347,54.0,100.40446168768186,53.96604993818476,
Bengaluru,2026-08-10 11:00:00+00:00,54.0,63.0,7,18,52.88539368600225,54.0,100.40446168768186,53.98823346489658,
Bengaluru,2026-08-10 12:00:00+00:00,55.0,64.0,7,18,56.244972976322906,55.0,100.40446168768186,56.24159040051254,
Delhi,2026-07-27 07:00:00+00:00,111.0,85.0,7,18,106.64493325189653,111.0,100.40446168768186,111.20646747770705,
Delhi,2026-07-27 08:00:00+00:00,110.0,83.0,7,18,102.65788782516718,110.0,100.40446168768186,101.15981089550914,
Delhi,2026-07-27 09:00:00+00:00,111.0,81.0,7,18,106.9328313851564,111.0,100.40446168768186,119.88150516407293,
Delhi,2026-07-27 10:00:00+00:00,111.0,79.0,7,18,111.07767318064612,111.0,100.40446168768186,112.32954748227206,
Delhi,2026-07-27 11:00:00+00:00,111.0,78.0,7,18,115.62058672046028,111.0,100.40446168768186,109.60337524911947,
Delhi,2026-07-27 12:00:00+00:00,110.0,77.0,7,18,115.43502912703158,110.0,100.40446168768186,100.92323257072093,
Delhi,2026-07-27 13:00:00+00:00,109.0,75.0,7,18,125.56682540673862,109.0,100.40446168768186,100.57268166348356,
Delhi,2026-07-27 14:00:00+00:00,108.0,74.0,7,18,124.87543918825546,108.0,100.40446168768186,100.87865147206571,
Delhi,2026-07-27 15:00:00+00:00,107.0,71.0,7,18,121.41516670168122,107.0,100.40446168768186,99.84254051648067,
Delhi,2026-07-27 16:00:00+00:00,105.0,68.0,7,18,118.29348984694367,105.0,100.40446168768186,88.8439776040872,
Delhi,2026-07-27 17:00:00+00:00,104.0,65.0,7,18,118.85175431582171,104.0,100.40446168768186,96.75696215815285,
Delhi,2026-07-27 18:00:00+00:00,103.0,64.0,7,18,118.14873828868079,103.0,100.40446168768186,97.11442812891394,
Delhi,2026-07-27 19:00:00+00:00,101.0,63.0,7,18,112.47440488622173,101.0,100.40446168768186,84.93357210309837,
Delhi,2026-07-27 20:00:00+00:00,100.0,63.0,7,18,110.23221950282004,100.0,100.40446168768186,92.55145122975811,
Delhi,2026-07-27 21:00:00+00:00,97.0,62.0,7,18,108.32536253141916,97.0,100.40446168768186,73.52728586675222,
Delhi,2026-07-27 22:00:00+00:00,94.0,62.0,7,18,106.38025853846395,94.0,100.40446168768186,69.46233640370627,
Delhi,2026-07-27 23:00:00+00:00,91.0,62.0,7,18,103.97113429200952,91.0,100.40446168768186,69.05499848451673,
Delhi,2026-07-28 00:00:00+00:00,88.0,62.0,7,18,98.0212136669111,88.0,100.40446168768186,66.37276714028359,
Delhi,2026-07-28 01:00:00+00:00,85.0,63.0,7,18,95.55876714051749,85.0,100.40446168768186,62.961226589976896,
Delhi,2026-07-28 02:00:00+00:00,83.0,64.0,7,18,90.9087868091955,83.0,100.40446168768186,69.66673150081931,
Delhi,2026-07-28 03:00:00+00:00,81.0,65.0,7,18,88.90790999044569,81.0,100.40446168768186,67.59234364975107,
Delhi,2026-07-28 04:00:00+00:00,79.0,66.0,7,18,83.68354107518493,79.0,100.40446168768186,64.1481584333792,
Delhi,2026-07-28 05:00:00+00:00,78.0,67.0,7,18,84.99986736058325,78.0,100.40446168768186,71.86213883686996,
Delhi,2026-07-28 06:00:00+00:00,77.0,68.0,7,18,82.36023391170093,77.0,100.40446168768186,70.95904082383942,
Delhi,2026-07-28 07:00:00+00:00,75.0,69.0,7,18,75.60360078237933,75.0,100.40446168768186,58.74225998284686,
Delhi,2026-07-28 08:00:00+00:00,74.0,70.0,7,18,73.96198762375342,74.0,100.40446168768186,66.566707965085,
Delhi,2026-07-28 09:00:00+00:00,71.0,71.0,7,18,69.8532532480599,71.0,100.40446168768186,47.559767233526976,
Delhi,2026-07-28 10:00:00+00:00,68.0,73.0,7,18,74.0942095868573,68.0,100.40446168768186,43.46158649525726,
Delhi,2026-07-28 11:00:00+00:00,65.0,75.0,7,18,81.8574784758652,65.0,100.40446168768186,43.0495842446478,
Delhi,2026-07-28 12:00:00+00:00,64.0,76.0,7,18,78.02309433185306,64.0,100.40446168768186,59.933692510676515,
Delhi,2026-07-28 13:00:00+00:00,63.0,79.0,7,18,80.61605068886975,63.0,100.40446168768186,58.24647161112912,
Delhi,2026-07-28 14:00:00+00:00,63.0,82.0,7,18,75.82728817107187,63.0,100.40446168768186,64.03097953468769,
Delhi,2026-07-28 15:00:00+00:00,62.0,85.0,7,18,78.46747046179742,62.0,100.40446168768186,54.062118490551185,
Delhi,2026-07-28 16:00:00+00:00,62.0,88.0,7,18,75.62501626724844,62.0,100.40446168768186,62.013839704744775,
Delhi,2026-07-28 17:00:00+00:00,62.0,90.0,7,18,79.04136072795262,62.0,100.40446168768186,63.31389302341715,
Delhi,2026-07-28 18:00:00+00:00,62.0,92.0,7,18,86.13232619197603,62.0,100.40446168768186,62.06946850270066,
Delhi,2026-07-28 19:00:00+00:00,63.0,94.0,7,18,89.54418346645446,63.0,100.40446168768186,71.56698958698598,
Delhi,2026-07-28 20:00:00+00:00,64.0,95.0,7,18,78.08463249513497,64.0,100.40446168768186,72.61902395578755,
Delhi,2026-07-28 21:00:00+00:00,65.0,97.0,7,18,78.9848988267309,65.0,100.40446168768186,72.21614932758371,
Delhi,2026-07-28 22:00:00+00:00,66.0,99.0,7,18,79.90521054281663,66.0,100.40446168768186,73.13092378793033,
Delhi,2026-07-28 23:00:00+00:00,67.0,101.0,7,18,80.63771410610903,67.0,100.40446168768186,74.35834206963855,
Delhi,2026-07-29 00:00:00+00:00,68.0,104.0,7,18,84.96616899969068,68.0,100.40446168768186,75.38486104144323,
Delhi,2026-07-29 01:00:00+00:00,69.0,106.0,7,18,80.26746629768402,69.0,100.40446168768186,76.34868832364927,
Delhi,2026-07-29 02:00:00+00:00,70.0,108.0,7,18,82.42936649545594,70.0,100.40446168768186,77.34232581441614,
Delhi,2026-07-29 03:00:00+00:00,71.0,109.0,7,18,83.47106119675732,71.0,100.40446168768186,78.34796225910942,
Delhi,2026-07-29 04:00:00+00:00,73.0,110.0,7,18,85.4826150633988,73.0,100.40446168768186,89.12987112731311,
Delhi,2026-07-29 05:00:00+00:00,75.0,111.0,7,18,84.88529871742452,75.0,100.40446168768186,90.99064386636948,
Delhi,2026-07-31 01:00:00+00:00,86.0,76.0,7,18,104.27223864952478,86.0,100.40446168768186,78.33924559447516,
Delhi,2026-07-31 02:00:00+00:00,84.0,76.0,7,18,104.74387367906249,84.0,100.40446168768186,69.2288448387353,
Delhi,2026-07-31 03:00:00+00:00,82.0,75.0,7,18,98.39892968712238,82.0,100.40446168768186,67.28056832891616,
Delhi,2026-07-31 04:00:00+00:00,80.0,75.0,7,18,104.36084110136571,80.0,100.40446168768186,65.32347718466566,
Delhi,2026-07-31 05:00:00+00:00,78.0,76.0,7,18,105.9180585035934,78.0,100.40446168768186,63.3140374288954,
Delhi,2026-07-31 06:00:00+00:00,77.0,76.0,7,18,98.96930900104475,77.0,100.40446168768186,71.08095270275938,
Delhi,2026-07-31 07:00:00+00:00,77.0,77.0,7,18,98.57744042192516,77.0,100.40446168768186,79.7233110659088,
Delhi,2026-07-31 08:00:00+00:00,77.0,77.0,7,18,92.1860026799169,77.0,100.40446168768186,78.12788505770014,
Delhi,2026-07-31 09:00:00+00:00,77.0,77.0,7,18,100.78707808371391,77.0,100.40446168768186,76.61109539445168,
Delhi,2026-07-31 10:00:00+00:00,77.0,78.0,7,18,94.95065612847378,77.0,100.40446168768186,76.79217791710424,
Delhi,2026-07-31 11:00:00+00:00,77.0,78.0,7,18,100.49567844554899,77.0,100.40446168768186,77.05298501810766,
Delhi,2026-07-31 12:00:00+00:00,77.0,79.0,7,18,95.91278834098571,77.0,100.40446168768186,77.03727307528487,
Delhi,2026-07-31 13:00:00+00:00,76.0,80.0,7,18,101.61906963608234,76.0,100.40446168768186,67.21272202361443,
Delhi,2026-07-31 14:00:00+00:00,76.0,81.0,7,18,104.20114753178845,76.0,100.40446168768186,76.13183565121241,
Delhi,2026-07-31 15:00:00+00:00,76.0,82.0,7,18,112.4006441496123,76.0,100.40446168768186,77.46085015867098,
Delhi,2026-07-31 16:00:00+00:00,76.0,82.0,7,18,114.35312275870348,76.0,100.40446168768186,76.05797485759598,
Delhi,2026-07-31 17:00:00+00:00,76.0,83.0,7,18,124.89543382945271,76.0,100.40446168768186,75.76150273072626,
Delhi,2026-07-31 18:00:00+00:00,76.0,84.0,7,18,116.0759526640644,76.0,100.40446168768186,75.97738394102157,
Delhi,2026-07-31 19:00:00+00:00,76.0,85.0,7,18,112.94685128579283,76.0,100.40446168768186,76.03821863429405,
Delhi,2026-07-31 20:00:00+00:00,76.0,86.0,7,18,116.45241940112342,76.0,100.40446168768186,76.00582860067567,
Bengaluru,2026-08-10 13:00:00+00:00,56.0,64.0,8,18,56.69018128454299,56.0,93.95552147239263,58.576484977348606,
Bengaluru,2026-08-10 14:00:00+00:00,56.0,65.0,8,18,57.36679370416668,56.0,93.95552147239263,57.594612134695886,
Bengaluru,2026-08-10 15:00:00+00:00,57.0,65.0,8,18,58.23419527064481,57.0,93.95552147239263,58.99856907544335,
Bengaluru,2026-08-10 16:00:00+00:00,57.0,66.0,8,18,58.39668584199472,57.0,93.95552147239263,58.30163486052644,
Bengaluru,2026-08-10 17:00:00+00:00,58.0,66.0,8,18,58.93250079302096,58.0,93.95552147239263,59.901768329274404,
Bengaluru,2026-08-10 18:00:00+00:00,58.0,66.0,8,18,58.52931385241521,58.0,93.95552147239263,59.277611689569845,
Bengaluru,2026-08-10 19:00:00+00:00,59.0,67.0,8,18,59.050879214869006,59.0,93.95552147239263,60.897686050235805,
Bengaluru,2026-08-10 20:00:00+00:00,59.0,68.0,8,18,58.35003446811052,59.0,93.95552147239263,60.27750885901898,
Bengaluru,2026-08-10 21:00:00+00:00,60.0,68.0,8,18,59.23690594573435,60.0,93.95552147239263,61.89795473424007,
Bengaluru,2026-08-10 22:00:00+00:00,61.0,68.0,8,18,60.29876754365039,61.0,93.95552147239263,63.704960242174714,
Bengaluru,2026-08-10 23:00:00+00:00,61.0,68.0,8,18,60.58822277522322,61.0,93.95552147239263,62.62007135451453,
Bengaluru,2026-08-11 00:00:00+00:00,62.0,68.0,8,18,61.45647338452156,62.0,93.95552147239263,64.00087569727421,
Bengaluru,2026-08-14 02:00:00+00:00,65.0,75.0,8,18,64.43517857411547,65.0,93.95552147239263,64.429780849113,
Bengaluru,2026-08-14 03:00:00+00:00,65.0,75.0,8,18,64.63448996194099,65.0,93.95552147239263,64.74228124818359,
Bengaluru,2026-08-17 22:00:00+00:00,69.0,75.0,8,18,69.2627256876519,69.0,93.95552147239263,68.80146170709098,
Bengaluru,2026-08-17 23:00:00+00:00,69.0,73.0,8,18,68.75683049489471,69.0,93.95552147239263,68.91223837126628,
Bengaluru,2026-08-18 00:00:00+00:00,69.0,74.0,8,18,75.46925513406735,69.0,93.95552147239263,68.97438063704882,
Bengaluru,2026-08-18 01:00:00+00:00,69.0,78.0,8,18,68.53581089096406,69.0,93.95552147239263,68.99371064599059,
Bengaluru,2026-08-18 02:00:00+00:00,70.0,82.0,8,18,69.69423253302527,70.0,93.95552147239263,71.42735099200836,
Bengaluru,2026-08-18 03:00:00+00:00,70.0,86.0,8,18,70.05542727435444,70.0,93.95552147239263,71.14944586868364,
Bengaluru,2026-08-18 04:00:00+00:00,70.0,86.0,8,18,70.04164575922766,70.0,93.95552147239263,70.44531758147335,
Bengaluru,2026-08-18 05:00:00+00:00,70.0,86.0,8,18,69.56394418012216,70.0,93.95552147239263,70.12598990384552,
Bengaluru,2026-08-18 06:00:00+00:00,70.0,86.0,8,18,69.36726754198253,70.0,93.95552147239263,70.02627432281353,
Bengaluru,2026-08-18 07:00:00+00:00,70.0,86.0,8,18,69.20830271910752,70.0,93.95552147239263,70.00289527166936,
Bengaluru,2026-08-18 08:00:00+00:00,71.0,86.0,8,18,69.7530402024537,71.0,93.95552147239263,72.42666557993094,
Bengaluru,2026-08-18 09:00:00+00:00,71.0,86.0,8,18,72.27824939308603,71.0,93.95552147239263,72.14884438058554,
Bengaluru,2026-08-18 10:00:00+00:00,71.0,86.0,8,18,70.65577402168127,71.0,93.95552147239263,71.44507713339519,
Bengaluru,2026-08-18 11:00:00+00:00,72.0,86.0,8,18,73.55491907453683,72.0,93.95552147239263,73.55323354466684,
Bengaluru,2026-08-18 12:00:00+00:00,72.0,86.0,8,18,76.1703903830699,72.0,93.95552147239263,73.17564329302066,
Bengaluru,2026-08-18 13:00:00+00:00,74.0,86.0,8,18,90.5076783424583,74.0,93.95552147239263,77.30280783946819,
Bengaluru,2026-08-18 14:00:00+00:00,74.0,86.0,8,18,79.90233188948002,74.0,93.95552147239263,76.42410075325094,
Bengaluru,2026-08-18 15:00:00+00:00,74.0,85.0,8,18,78.5728790049987,74.0,93.95552147239263,74.91630852739037,
Bengaluru,2026-08-18 16:00:00+00:00,75.0,85.0,8,18,76.55370071885785,75.0,93.95552147239263,76.68195804714018,
Bengaluru,2026-08-18 17:00:00+00:00,73.0,82.0,8,18,74.34114298344707,73.0,93.95552147239263,71.34659379315528,
Bengaluru,2026-08-18 18:00:00+00:00,74.0,82.0,8,18,74.85224666088698,74.0,93.95552147239263,73.57907097313735,
Bengaluru,2026-08-18 19:00:00+00:00,78.0,81.0,8,18,79.88123651751336,78.0,93.95552147239263,84.09253385469327,
Bengaluru,2026-08-18 20:00:00+00:00,82.0,81.0,8,18,82.83239276280158,82.0,93.95552147239263,92.52524922844079,
Bengaluru,2026-08-18 21:00:00+00:00,86.0,80.0,8,18,86.10010925695812,86.0,93.95552147239263,98.16383757966598,
Bengaluru,2026-08-18 22:00:00+00:00,86.0,79.0,8,18,102.49824359255231,86.0,93.95552147239263,92.90232168763988,
Bengaluru,2026-08-18 23:00:00+00:00,86.0,79.0,8,18,85.00932985083045,86.0,93.95552147239263,88.393786493617,
Bengaluru,2026-08-19 00:00:00+00:00,86.0,77.0,8,18,81.34207848101755,86.0,93.95552147239263,86.62080663502162,
Bengaluru,2026-08-19 01:00:00+00:00,86.0,73.0,8,18,81.76605230087158,86.0,93.95552147239263,86.1138995355804,
Bengaluru,2026-08-19 02:00:00+00:00,86.0,74.0,8,18,80.7346313607703,86.0,93.95552147239263,86.00672799955161,
Bengaluru,2026-08-19 03:00:00+00:00,86.0,74.0,8,18,80.93496172403908,86.0,93.95552147239263,85.99437231815416,
Bengaluru,2026-08-19 04:00:00+00:00,86.0,72.0,8,18,82.82985459265345,86.0,93.95552147239263,85.99674964440148,
Bengaluru,2026-08-19 05:00:00+00:00,86.0,71.0,8,18,100.1378952062946,86.0,93.95552147239263,85.99886491796421,
Bengaluru,2026-08-19 06:00:00+00:00,86.0,71.0,8,18,84.83459285880555,86.0,93.95552147239263,85.99970386549644,
Bengaluru,2026-08-19 07:00:00+00:00,86.0,71.0,8,18,81.7458318004413,86.0,93.95552147239263,85.99994513827343,
Bengaluru,2026-08-19 08:00:00+00:00,86.0,70.0,8,18,83.44795512493275,86.0,93.95552147239263,85.99999653402912,
Bengaluru,2026-08-19 09:00:00+00:00,85.0,70.0,8,18,80.87314168483724,85.0,93.95552147239263,83.5726893633549,
Bengaluru,2026-08-19 10:00:00+00:00,85.0,70.0,8,18,80.91632036456988,85.0,93.95552147239263,83.85061761311226,
Bengaluru,2026-08-19 11:00:00+00:00,82.0,68.0,8,18,84.28833535225381,82.0,93.95552147239263,77.27277292284482,
Bengaluru,2026-08-19 12:00:00+00:00,82.0,68.0,8,18,81.94606640730687,82.0,93.95552147239263,78.42586810210373,
Bengaluru,2026-08-19 13:00:00+00:00,81.0,68.0,8,18,79.87250586570433,81.0,93.95552147239263,78.21055110498752,
Bengaluru,2026-08-19 14:00:00+00:00,81.0,68.0,8,18,81.34405606951995,81.0,93.95552147239263,79.46978033453684,
Bengaluru,2026-08-19 15:00:00+00:00,80.0,67.0,8,18,81.2487210043846,80.0,93.95552147239263,78.0492305785491,
Bengaluru,2026-08-19 16:00:00+00:00,79.0,67.0,8,18,79.64064635094091,79.0,93.95552147239263,76.28917740210578,
Bengaluru,2026-08-19 17:00:00+00:00,79.0,68.0,8,18,79.58676047106532,79.0,93.95552147239263,77.38120993972392,
Bengaluru,2026-08-19 18:00:00+00:00,77.0,67.0,8,18,98.07142058548027,77.0,93.95552147239263,73.57288894917482,
Bengaluru,2026-08-19 19:00:00+00:00,73.0,66.0,8,18,73.66114408085151,73.0,93.95552147239263,64.84101947019678,
Bengaluru,2026-08-19 20:00:00+00:00,74.0,67.0,8,18,72.70303215434373,74.0,93.95552147239263,69.9107557620117,
Bengaluru,2026-08-19 21:00:00+00:00,74.0,66.0,8,18,72.8524994898772,74.0,93.95552147239263,73.11427278623707,
Bengaluru,2026-08-19 22:00:00+00:00,72.0,67.0,8,18,66.86724255844199,72.0,93.95552147239263,69.0354474806177,
Bengaluru,2026-08-19 23:00:00+00:00,71.0,67.0,8,18,65.68673785713521,71.0,93.95552147239263,67.2897834019462,
Bengaluru,2026-08-20 00:00:00+00:00,71.0,65.0,8,18,66.53157040721092,71.0,93.95552147239263,68.9762994028103,
Bengaluru,2026-08-20 01:00:00+00:00,71.0,64.0,8,18,66.4026457398755,71.0,93.95552147239263,70.30938805809521,
Bengaluru,2026-08-20 02:00:00+00:00,70.0,63.0,8,18,65.71674594267743,70.0,93.95552147239263,68.39610807975721,
Delhi,2026-08-10 13:00:00+00:00,93.0,75.0,8,18,78.49949982096663,93.0,93.95552147239263,85.22647873663857,
Delhi,2026-08-10 14:00:00+00:00,92.0,75.0,8,18,80.54916175765247,92.0,93.95552147239263,85.19546218220093,
Delhi,2026-08-10 15:00:00+00:00,91.0,74.0,8,18,75.55584222949494,91.0,93.95552147239263,84.20425423232032,
Delhi,2026-08-10 16:00:00+00:00,90.0,73.0,8,18,75.05697052998157,90.0,93.95552147239263,83.02473965823421,
Delhi,2026-08-10 17:00:00+00:00,89.0,74.0,8,18,73.64952345841213,89.0,93.95552147239263,82.01274903832989,
Delhi,2026-08-10 18:00:00+00:00,87.0,76.0,8,18,81.84806360293794,87.0,93.95552147239263,71.97188147368476,
Delhi,2026-08-10 19:00:00+00:00,86.0,76.0,8,18,71.75178780864363,86.0,93.95552147239263,78.80988848656816,
Delhi,2026-08-10 20:00:00+00:00,84.0,77.0,8,18,73.1517866176396,84.0,93.95552147239263,70.4562713183702,
Delhi,2026-08-10 21:00:00+00:00,83.0,77.0,8,18,70.85289413786276,83.0,93.95552147239263,75.93321949496901,
Delhi,2026-08-10 22:00:00+00:00,81.0,77.0,8,18,68.91016681955915,81.0,93.95552147239263,67.1876107574539,
Delhi,2026-08-10 23:00:00+00:00,79.0,77.0,8,18,67.68593440579194,79.0,93.95552147239263,63.821279280534284,
Delhi,2026-08-11 00:00:00+00:00,77.0,77.0,8,18,69.41555539041251,77.0,93.95552147239263,62.995675684178075,
Delhi,2026-08-14 02:00:00+00:00,108.0,88.0,8,18,104.83051458670106,108.0,93.95552147239263,107.82837436026888,
Delhi,2026-08-14 03:00:00+00:00,108.0,86.0,8,18,107.74133311341868,108.0,93.95552147239263,108.01226117423073,
Delhi,2026-08-17 22:00:00+00:00,104.0,109.0,8,18,105.1410076822586,104.0,93.95552147239263,105.97570489553345,
Delhi,2026-08-17 23:00:00+00:00,104.0,111.0,8,18,98.39588899387442,104.0,93.95552147239263,103.87977601937722,
Delhi,2026-08-18 00:00:00+00:00,103.0,111.0,8,18,97.2177999796742,103.0,93.95552147239263,94.94257718215677,
Delhi,2026-08-18 01:00:00+00:00,103.0,110.0,8,18,97.11747731043741,103.0,93.95552147239263,102.79908937455285,
Delhi,2026-08-18 02:00:00+00:00,103.0,110.0,8,18,126.87246787464859,103.0,93.95552147239263,104.44834402899318,
Delhi,2026-08-18 03:00:00+00:00,103.0,110.0,8,18,138.71201898310957,103.0,93.95552147239263,103.1207374513745,
Delhi,2026-08-18 04:00:00+00:00,103.0,109.0,8,18,141.72387558841393,103.0,93.95552147239263,102.7381050814724,
Delhi,2026-08-18 05:00:00+00:00,103.0,109.0,8,18,145.15574919787144,103.0,93.95552147239263,102.96246058387223,
Delhi,2026-08-18 06:00:00+00:00,103.0,109.0,8,18,147.34241655740146,103.0,93.95552147239263,103.04648881925424,
Delhi,2026-08-18 07:00:00+00:00,104.0,110.0,8,18,150.5421740829635,104.0,93.95552147239263,112.08318352687944,
Delhi,2026-08-18 08:00:00+00:00,104.0,110.0,8,18,155.8871053067474,104.0,93.95552147239263,104.23155080289466,
Delhi,2026-08-18 09:00:00+00:00,105.0,110.0,8,18,156.52643815522873,105.0,93.95552147239263,111.58515831939717,
Delhi,2026-08-18 10:00:00+00:00,105.0,111.0,8,18,155.48948709447154,105.0,93.95552147239263,105.11074090208155,
Delhi,2026-08-18 11:00:00+00:00,105.0,111.0,8,18,158.14472035303194,105.0,93.95552147239263,103.78297074141172,
Delhi,2026-08-18 12:00:00+00:00,106.0,112.0,8,18,157.62313103358184,106.0,93.95552147239263,113.98273562480412,
Delhi,2026-08-18 13:00:00+00:00,106.0,112.0,8,18,163.56271276387173,106.0,93.95552147239263,106.46049826914575,
Delhi,2026-08-18 14:00:00+00:00,108.0,112.0,8,18,160.3470497244608,108.0,93.95552147239263,122.69055584485967,
Delhi,2026-08-18 15:00:00+00:00,108.0,112.0,8,18,145.03477968965376,108.0,93.95552147239263,108.30967658440034,
Delhi,2026-08-18 16:00:00+00:00,109.0,113.0,8,18,133.82434022831478,109.0,93.95552147239263,114.36212020024027,
Delhi,2026-08-18 17:00:00+00:00,111.0,113.0,8,18,125.83243541159032,111.0,93.95552147239263,127.17271597893172,
Delhi,2026-08-18 18:00:00+00:00,111.0,113.0,8,18,121.6788636402347,111.0,93.95552147239263,110.48454663704389,
Delhi,2026-08-18 19:00:00+00:00,110.0,113.0,8,18,104.87562339576436,110.0,93.95552147239263,98.89209841947985,
Delhi,2026-08-18 20:00:00+00:00,110.0,112.0,8,18,102.51090678723214,110.0,93.95552147239263,109.68106143645836,
Delhi,2026-08-18 21:00:00+00:00,110.0,112.0,8,18,101.38488097928648,110.0,93.95552147239263,112.04527152083685,
Delhi,2026-08-18 22:00:00+00:00,109.0,111.0,8,18,99.34936635455205,109.0,93.95552147239263,101.10373012507733,
Delhi,2026-08-18 23:00:00+00:00,109.0,111.0,8,18,97.94877393817526,109.0,93.95552147239263,108.39061607629448,
Delhi,2026-08-19 00:00:00+00:00,109.0,111.0,8,18,99.0116550289131,109.0,93.95552147239263,110.43184360953776,
Delhi,2026-08-19 01:00:00+00:00,110.0,112.0,8,18,100.84085245671677,110.0,93.95552147239263,118.26935168678571,
Delhi,2026-08-19 02:00:00+00:00,110.0,114.0,8,18,110.12465056438262,110.0,93.95552147239263,109.98491595915337,
Delhi,2026-08-19 03:00:00+00:00,110.0,115.0,8,18,110.94517523142098,110.0,93.95552147239263,108.46281464070528,
Delhi,2026-08-19 04:00:00+00:00,111.0,115.0,8,18,115.04728489320281,111.0,93.95552147239263,118.9876403256906,
Delhi,2026-08-19 05:00:00+00:00,111.0,114.0,8,18,117.60341407208351,111.0,93.95552147239263,111.52026120127411,
Delhi,2026-08-19 06:00:00+00:00,112.0,114.0,8,18,119.89832095318476,112.0,93.95552147239263,118.6195659506231,
Delhi,2026-08-19 07:00:00+00:00,112.0,113.0,8,18,120.48562011330459,112.0,93.95552147239263,112.05908825977758,
Delhi,2026-08-19 08:00:00+00:00,112.0,112.0,8,18,122.00872990618656,112.0,93.95552147239263,110.77359821481299,
Delhi,2026-08-19 09:00:00+00:00,112.0,111.0,8,18,124.30585685693774,112.0,93.95552147239263,111.91826438332753,
Delhi,2026-08-19 10:00:00+00:00,113.0,110.0,8,18,124.80033551894883,113.0,93.95552147239263,121.29665705424617,
Delhi,2026-08-19 11:00:00+00:00,113.0,110.0,8,18,126.26656523815213,113.0,93.95552147239263,113.2676904982259,
Delhi,2026-08-19 12:00:00+00:00,113.0,110.0,8,18,125.96431959840909,113.0,93.95552147239263,111.47405657249075,
Delhi,2026-08-19 13:00:00+00:00,113.0,110.0,8,18,125.1693314582727,113.0,93.95552147239263,112.86222715272173,
Delhi,2026-08-19 14:00:00+00:00,112.0,110.0,8,18,124.2904363186891,112.0,93.95552147239263,104.20202059624393,
Delhi,2026-08-19 15:00:00+00:00,112.0,110.0,8,18,124.81536623078937,112.0,93.95552147239263,111.80186220254114,
Delhi,2026-08-19 16:00:00+00:00,111.0,110.0,8,18,122.93581298936773,111.0,93.95552147239263,104.3637831358288,
Delhi,2026-08-19 17:00:00+00:00,111.0,110.0,8,18,122.27282569619058,111.0,93.95552147239263,110.88010561001806,
Delhi,2026-08-19 18:00:00+00:00,111.0,110.0,8,18,121.38399371191299,111.0,93.95552147239263,112.22598701786927,
Delhi,2026-08-19 19:00:00+00:00,112.0,110.0,8,18,121.34636613299853,112.0,93.95552147239263,120.16653524072021,
Delhi,2026-08-19 20:00:00+00:00,114.0,110.0,8,18,121.01733963841966,114.0,93.95552147239263,130.16428228186055,
Delhi,2026-08-19 21:00:00+00:00,115.0,110.0,8,18,121.16831071643,115.0,93.95552147239263,122.03657071575553,
Delhi,2026-08-19 22:00:00+00:00,115.0,111.0,8,18,114.1388511279524,115.0,93.95552147239263,112.17673528808629,
Delhi,2026-08-19 23:00:00+00:00,114.0,111.0,8,18,110.9613671576031,114.0,93.95552147239263,104.45629957582466,
Delhi,2026-08-20 00:00:00+00:00,114.0,112.0,8,18,113.47307519054112,114.0,93.95552147239263,114.20006385207584,
Delhi,2026-08-20 01:00:00+00:00,113.0,113.0,8,18,110.69201045462246,113.0,93.95552147239263,106.71108503020564,
Delhi,2026-08-20 02:00:00+00:00,112.0,114.0,8,18,109.74446577705477,112.0,93.95552147239263,103.75263707218252,
Bengaluru,2026-08-20 03:00:00+00:00,70.0,62.0,9,18,68.05226393448316,70.0,93.50069541029207,68.65783389907419,
Bengaluru,2026-08-20 04:00:00+00:00,70.0,62.0,9,18,68.74713492883174,70.0,93.50069541029207,69.28954884186506,
Bengaluru,2026-08-20 05:00:00+00:00,68.0,63.0,9,18,66.19542317630565,68.0,93.50069541029207,64.94321934508797,
Bengaluru,2026-08-20 06:00:00+00:00,68.0,63.0,9,18,67.11752224760787,68.0,93.50069541029207,65.85541798827995,
Bengaluru,2026-08-20 07:00:00+00:00,68.0,63.0,9,18,66.698025791764,68.0,93.50069541029207,66.87780208682413,
Bengaluru,2026-08-20 08:00:00+00:00,68.0,63.0,9,18,66.9135913372072,68.0,93.50069541029207,67.36987318023328,
Bengaluru,2026-08-20 09:00:00+00:00,67.0,63.0,9,18,65.04822304583875,67.0,93.50069541029207,65.32309425452164,
Bengaluru,2026-08-20 10:00:00+00:00,67.0,63.0,9,18,65.0194886924064,67.0,93.50069541029207,65.8450181824844,
Bengaluru,2026-08-20 11:00:00+00:00,68.0,63.0,9,18,65.1491713980316,68.0,93.50069541029207,68.72275714580192,
Bengaluru,2026-08-20 12:00:00+00:00,67.0,63.0,9,18,64.8804338557807,67.0,93.50069541029207,66.29269462477635,
Bengaluru,2026-08-20 13:00:00+00:00,66.0,63.0,9,18,64.15158177987705,66.0,93.50069541029207,64.0205490653214,
Bengaluru,2026-08-20 14:00:00+00:00,67.0,66.0,9,18,68.13480851558721,67.0,93.50069541029207,67.04411925069522,
Bengaluru,2026-08-20 15:00:00+00:00,66.0,68.0,9,18,66.7752104021897,66.0,93.50069541029207,64.94882798738122,
Bengaluru,2026-08-20 16:00:00+00:00,67.0,68.0,9,18,69.56892490530561,67.0,93.50069541029207,67.48485032598968,
Bengaluru,2026-08-20 17:00:00+00:00,67.0,68.0,9,18,69.01295727816489,67.0,93.50069541029207,67.53261483616312,
Bengaluru,2026-08-20 18:00:00+00:00,65.0,68.0,9,18,65.71781804792234,65.0,93.50069541029207,62.59802683198377,
Bengaluru,2026-08-20 19:00:00+00:00,64.0,68.0,9,18,64.6940638805337,64.0,93.50069541029207,60.892906669996364,
Bengaluru,2026-08-20 20:00:00+00:00,63.0,67.0,9,18,64.17267081444372,63.0,93.50069541029207,59.78809859868986,
Bengaluru,2026-08-20 21:00:00+00:00,62.0,67.0,9,18,62.146399999435175,62.0,93.50069541029207,58.689502076770154,
Bengaluru,2026-08-20 22:00:00+00:00,62.0,67.0,9,18,63.156368995617754,62.0,93.50069541029207,59.97026124765722,
Bengaluru,2026-08-20 23:00:00+00:00,63.0,66.0,9,18,63.60055372827447,63.0,93.50069541029207,63.23457219404239,
Bengaluru,2026-08-21 00:00:00+00:00,63.0,66.0,9,18,63.1887961324704,63.0,93.50069541029207,63.3526938288194,
Bengaluru,2026-08-21 01:00:00+00:00,63.0,66.0,9,18,64.55898249778454,63.0,93.50069541029207,63.16344350058732,
Bengaluru,2026-08-21 02:00:00+00:00,63.0,67.0,9,18,64.06917279314908,63.0,93.50069541029207,63.09495173184285,
Bengaluru,2026-08-21 03:00:00+00:00,63.0,67.0,9,18,66.00025062439566,63.0,93.50069541029207,63.051898167793865,
Bengaluru,2026-08-21 04:00:00+00:00,63.0,67.0,9,18,66.66420787043344,63.0,93.50069541029207,63.02880849103294,
Bengaluru,2026-08-21 05:00:00+00:00,63.0,67.0,9,18,66.34286663026337,63.0,93.50069541029207,63.0159277826009,
Bengaluru,2026-08-21 06:00:00+00:00,63.0,67.0,9,18,66.13204948178212,63.0,93.50069541029207,63.008815268285225,
Bengaluru,2026-08-21 07:00:00+00:00,63.0,67.0,9,18,67.08355508505707,63.0,93.50069541029207,63.00487754395328,
Bengaluru,2026-08-21 08:00:00+00:00,66.0,67.0,9,18,80.61410372696983,66.0,93.50069541029207,69.99131623941872,
Bengaluru,2026-08-21 09:00:00+00:00,68.0,67.0,9,18,85.83607213775534,68.0,93.50069541029207,73.54832824379044,
Bengaluru,2026-08-21 10:00:00+00:00,68.0,67.0,9,18,75.57531059848323,68.0,93.50069541029207,71.42704310367209,
Bengaluru,2026-08-21 11:00:00+00:00,68.0,66.0,9,18,73.374256164609,68.0,93.50069541029207,69.84551819615967,
Bengaluru,2026-08-21 12:00:00+00:00,68.0,66.0,9,18,75.94230656477117,68.0,93.50069541029207,69.02841850984173,
Bengaluru,2026-08-21 13:00:00+00:00,68.0,66.0,9,18,70.9914378333806,68.0,93.50069541029207,68.56803297991951,
Bengaluru,2026-08-21 14:00:00+00:00,67.0,63.0,9,18,70.63617087027225,67.0,93.50069541029207,65.98492041999577,
Bengaluru,2026-08-21 15:00:00+00:00,67.0,61.0,9,18,65.50561537542082,67.0,93.50069541029207,66.21139547443775,
Bengaluru,2026-08-21 16:00:00+00:00,67.0,61.0,9,18,65.34805503085335,67.0,93.50069541029207,66.59592440851945,
Bengaluru,2026-08-21 17:00:00+00:00,66.0,60.0,9,18,64.02658475850731,66.0,93.50069541029207,64.44227718597624,
Bengaluru,2026-08-21 18:00:00+00:00,66.0,60.0,9,18,63.529082379934664,66.0,93.50069541029207,64.91180580752624,
Bengaluru,2026-08-21 19:00:00+00:00,66.0,59.0,9,18,65.1174247362989,66.0,93.50069541029207,65.43005463050845,
Bengaluru,2026-08-21 20:00:00+00:00,67.0,60.0,9,18,64.66230147426019,67.0,93.50069541029207,68.00958727403008,
Bengaluru,2026-08-21 21:00:00+00:00,67.0,60.0,9,18,64.81713103640543,67.0,93.50069541029207,67.78619633999055,
Bengaluru,2026-08-21 22:00:00+00:00,67.0,60.0,9,18,65.2232420481943,67.0,93.50069541029207,67.4026532869251,
Bengaluru,2026-08-21 23:00:00+00:00,67.0,60.0,9,18,65.42048885365821,67.0,93.50069541029207,67.22740948063327,
Bengaluru,2026-08-22 00:00:00+00:00,67.0,60.0,9,18,65.20482766872671,67.0,93.50069541029207,67.12517841663865,
Bengaluru,2026-08-22 01:00:00+00:00,67.0,60.0,9,18,65.64008588346137,67.0,93.50069541029207,67.06935901526533,
Bengaluru,2026-08-23 21:00:00+00:00,61.0,63.0,9,18,63.710916608601664,61.0,93.50069541029207,61.11235896569972,
Bengaluru,2026-08-23 22:00:00+00:00,61.0,65.0,9,18,62.1661878728934,61.0,93.50069541029207,61.06002429841011,
Bengaluru,2026-08-23 23:00:00+00:00,60.0,66.0,9,18,61.074893470629064,60.0,93.50069541029207,58.5302017864036,
Bengaluru,2026-08-24 00:00:00+00:00,58.0,66.0,9,18,59.174126916967495,58.0,93.50069541029207,54.2138284116447,
Bengaluru,2026-08-24 01:00:00+00:00,58.0,66.0,9,18,58.96635103314973,58.0,93.50069541029207,55.49188881841338,
Bengaluru,2026-08-24 02:00:00+00:00,58.0,64.0,9,18,58.98320802998606,58.0,93.50069541029207,56.674422698918605,
Bengaluru,2026-08-24 03:00:00+00:00,61.0,63.0,9,18,77.52256387829884,61.0,93.50069541029207,64.25107853774335,
Bengaluru,2026-08-24 04:00:00+00:00,62.0,63.0,9,18,66.7972770469134,62.0,93.50069541029207,65.81068082193593,
Bengaluru,2026-08-24 05:00:00+00:00,62.0,64.0,9,18,66.06831745472601,62.0,93.50069541029207,64.23837537831515,
Bengaluru,2026-08-24 06:00:00+00:00,62.0,64.0,9,18,67.82723684156576,62.0,93.50069541029207,63.220077266058546,
Bengaluru,2026-08-24 07:00:00+00:00,62.0,64.0,9,18,64.78372048817494,62.0,93.50069541029207,62.67773940372165,
Bengaluru,2026-08-24 08:00:00+00:00,61.0,64.0,9,18,63.08945793677028,61.0,93.50069541029207,60.04510035119588,
Bengaluru,2026-08-24 09:00:00+00:00,61.0,61.0,9,18,65.76861528899916,61.0,93.50069541029207,60.24476935632321,
Bengaluru,2026-08-24 10:00:00+00:00,60.0,60.0,9,18,60.614094784817,60.0,93.50069541029207,58.284841465086366,
Bengaluru,2026-08-24 11:00:00+00:00,60.0,60.0,9,18,61.192481606697385,60.0,93.50069541029207,58.81944471591329,
Bengaluru,2026-08-24 12:00:00+00:00,61.0,60.0,9,18,62.4817760939718,61.0,93.50069541029207,61.70923348688765,
Bengaluru,2026-08-24 13:00:00+00:00,61.0,61.0,9,18,61.32896477297668,61.0,93.50069541029207,61.61466137153573,
Bengaluru,2026-08-24 14:00:00+00:00,60.0,61.0,9,18,61.572100033468836,60.0,93.50069541029207,58.978957245857565,
Bengaluru,2026-08-24 15:00:00+00:00,63.0,61.0,9,18,72.91747219444323,63.0,93.50069541029207,66.2012326977996,
Bengaluru,2026-08-24 16:00:00+00:00,65.0,61.0,9,18,68.65689538812322,65.0,93.50069541029207,70.142791197917,
Delhi,2026-08-20 03:00:00+00:00,111.0,116.0,9,18,109.93425030253678,111.0,93.50069541029207,104.01244719674257,
Delhi,2026-08-20 04:00:00+00:00,110.0,117.0,9,18,113.08348936006716,110.0,93.50069541029207,103.46278490883702,
Delhi,2026-08-20 05:00:00+00:00,110.0,119.0,9,18,112.34859608017905,110.0,93.50069541029207,110.95174628857866,
Delhi,2026-08-20 06:00:00+00:00,110.0,120.0,9,18,112.6966114331239,110.0,93.50069541029207,111.30974162445742,
Delhi,2026-08-20 07:00:00+00:00,110.0,121.0,9,18,114.25980248731916,110.0,93.50069541029207,109.94948424550151,
Delhi,2026-08-20 08:00:00+00:00,110.0,122.0,9,18,115.19638047694721,110.0,93.50069541029207,109.75115673205413,
Delhi,2026-08-20 09:00:00+00:00,110.0,123.0,9,18,115.60406829513823,110.0,93.50069541029207,109.98532588430436,
Delhi,2026-08-20 10:00:00+00:00,110.0,124.0,9,18,114.84496443077387,110.0,93.50069541029207,110.04492972356536,
Delhi,2026-08-20 11:00:00+00:00,110.0,124.0,9,18,114.78516220506597,110.0,93.50069541029207,110.00708155605318,
Delhi,2026-08-20 12:00:00+00:00,110.0,124.0,9,18,114.66273708954978,110.0,93.50069541029207,109.99231668531941,
Delhi,2026-08-20 13:00:00+00:00,110.0,123.0,9,18,114.66818805860099,110.0,93.50069541029207,109.99793738207738,
Delhi,2026-08-20 14:00:00+00:00,110.0,122.0,9,18,115.57310921424084,110.0,93.50069541029207,110.00123148315669,
Delhi,2026-08-20 15:00:00+00:00,110.0,120.0,9,18,114.7932883202315,110.0,93.50069541029207,110.00050337003574,
Delhi,2026-08-20 16:00:00+00:00,111.0,119.0,9,18,115.84972061910926,111.0,93.50069541029207,118.61018739964962,
Delhi,2026-08-20 17:00:00+00:00,111.0,118.0,9,18,116.16116105318552,111.0,93.50069541029207,111.45351446303498,
Delhi,2026-08-20 18:00:00+00:00,112.0,116.0,9,18,116.98813819233357,112.0,93.50069541029207,118.23677537106353,
Delhi,2026-08-20 19:00:00+00:00,113.0,115.0,9,18,118.83510926188526,113.0,93.50069541029207,120.84658412468106,
Delhi,2026-08-20 20:00:00+00:00,114.0,114.0,9,18,118.5539776414192,114.0,93.50069541029207,120.92518441525617,
Delhi,2026-08-20 21:00:00+00:00,116.0,113.0,9,18,121.43141867326875,116.0,93.50069541029207,130.14653343618804,
Delhi,2026-08-20 22:00:00+00:00,117.0,111.0,9,18,122.4078439331268,117.0,93.50069541029207,124.12376270939957,
Delhi,2026-08-20 23:00:00+00:00,119.0,110.0,9,18,121.88231370198037,119.0,93.50069541029207,131.99231460427038,
Delhi,2026-08-21 00:00:00+00:00,120.0,108.0,9,18,126.5996111199631,120.0,93.50069541029207,126.97506901362573,
Delhi,2026-08-21 01:00:00+00:00,121.0,106.0,9,18,128.50687758927592,121.0,93.50069541029207,126.58254226744812,
Delhi,2026-08-21 02:00:00+00:00,122.0,105.0,9,18,129.61262857555394,122.0,93.50069541029207,128.5685530190794,
Delhi,2026-08-21 03:00:00+00:00,123.0,103.0,9,18,131.0243812231579,123.0,93.50069541029207,129.9233539159135,
Delhi,2026-08-21 04:00:00+00:00,124.0,101.0,9,18,130.2385388037457,124.0,93.50069541029207,130.77403608510193,
Delhi,2026-08-21 05:00:00+00:00,124.0,98.0,9,18,130.29702696713426,124.0,93.50069541029207,123.08313121195069,
Delhi,2026-08-21 06:00:00+00:00,124.0,96.0,9,18,130.6755440563231,124.0,93.50069541029207,122.64952323737755,
Delhi,2026-08-21 07:00:00+00:00,123.0,93.0,9,18,129.50800604081388,123.0,93.50069541029207,115.42970898210173,
Delhi,2026-08-21 08:00:00+00:00,122.0,91.0,9,18,128.88598993668913,122.0,93.50069541029207,114.19142661820916,
Delhi,2026-08-21 09:00:00+00:00,120.0,88.0,9,18,125.43863066365623,120.0,93.50069541029207,105.71650872953073,
Delhi,2026-08-21 10:00:00+00:00,119.0,86.0,9,18,120.37437998249973,119.0,93.50069541029207,112.02752367000079,
Delhi,2026-08-21 11:00:00+00:00,118.0,85.0,9,18,119.26402437650381,118.0,93.50069541029207,112.65820503209687,
Delhi,2026-08-21 12:00:00+00:00,116.0,84.0,9,18,115.97882686621358,116.0,93.50069541029207,101.84389571985128,
Delhi,2026-08-21 13:00:00+00:00,115.0,84.0,9,18,112.87333722976966,115.0,93.50069541029207,107.58038667647034,
Delhi,2026-08-21 14:00:00+00:00,114.0,84.0,9,18,117.2397283962721,114.0,93.50069541029207,108.59120347576358,
Delhi,2026-08-21 15:00:00+00:00,113.0,85.0,9,18,115.68445107998608,113.0,93.50069541029207,106.53106368018781,
Delhi,2026-08-21 16:00:00+00:00,111.0,86.0,9,18,114.09076350694221,111.0,93.50069541029207,96.44355688132573,
Delhi,2026-08-21 17:00:00+00:00,110.0,87.0,9,18,113.39910259048402,110.0,93.50069541029207,102.75158449240344,
Delhi,2026-08-21 18:00:00+00:00,108.0,89.0,9,18,111.68895488063717,108.0,93.50069541029207,95.07197175058573,
Delhi,2026-08-21 19:00:00+00:00,106.0,90.0,9,18,113.49060305738656,106.0,93.50069541029207,91.4440026155684,
Delhi,2026-08-21 20:00:00+00:00,105.0,92.0,9,18,129.92000748496997,105.0,93.50069541029207,98.9547071567228,
Delhi,2026-08-21 21:00:00+00:00,103.0,94.0,9,18,103.16009873787443,103.0,93.50069541029207,90.18832790368803,
Delhi,2026-08-21 22:00:00+00:00,101.0,97.0,9,18,96.24718118915716,101.0,93.50069541029207,86.23116834176415,
Delhi,2026-08-21 23:00:00+00:00,98.0,100.0,9,18,92.4620796416701,98.0,93.50069541029207,76.69170010295122,
Delhi,2026-08-22 00:00:00+00:00,96.0,102.0,9,18,90.33167105797757,96.0,93.50069541029207,82.3166282875015,
Delhi,2026-08-22 01:00:00+00:00,93.0,103.0,9,18,85.24516904245415,93.0,93.50069541029207,73.37934560298831,
Delhi,2026-08-23 21:00:00+00:00,100.0,112.0,9,18,104.64290802449995,100.0,93.50069541029207,98.52259406174464,
Delhi,2026-08-23 22:00:00+00:00,101.0,112.0,9,18,107.47814316937193,101.0,93.50069541029207,108.10008346262977,
Delhi,2026-08-23 23:00:00+00:00,102.0,110.0,9,18,107.86923279710237,102.0,93.50069541029207,108.95273742679048,
Delhi,2026-08-24 00:00:00+00:00,103.0,110.0,9,18,109.49618849377919,103.0,93.50069541029207,109.67503531415716,
Delhi,2026-08-24 01:00:00+00:00,106.0,109.0,9,18,112.44205649563614,106.0,93.50069541029207,127.8823441044317,
Delhi,2026-08-24 02:00:00+00:00,109.0,109.0,9,18,113.40432606268719,109.0,93.50069541029207,131.85433974255665,
Delhi,2026-08-24 03:00:00+00:00,113.0,109.0,9,18,118.07773400581812,113.0,93.50069541029207,140.72794599974205,
Delhi,2026-08-24 04:00:00+00:00,116.0,108.0,9,18,120.82563906114189,116.0,93.50069541029207,136.12602301941757,
Delhi,2026-08-24 05:00:00+00:00,118.0,108.0,9,18,122.07886427830849,118.0,93.50069541029207,129.15519707550783,
Delhi,2026-08-24 06:00:00+00:00,119.0,107.0,9,18,120.82842208616529,119.0,93.50069541029207,123.37545478144997,
Delhi,2026-08-24 07:00:00+00:00,119.0,105.0,9,18,116.05708886313842,119.0,93.50069541029207,117.06276646314681,
Delhi,2026-08-24 08:00:00+00:00,118.0,101.0,9,18,112.86247943194851,118.0,93.50069541029207,109.38716670012796,
Delhi,2026-08-24 09:00:00+00:00,117.0,97.0,9,18,110.6881716397338,117.0,93.50069541029207,109.19981869909508,
Delhi,2026-08-24 10:00:00+00:00,115.0,92.0,9,18,108.64486283145672,115.0,93.50069541029207,100.91150631000781,
Delhi,2026-08-24 11:00:00+00:00,114.0,89.0,9,18,106.68049317778753,114.0,93.50069541029207,107.04483257166466,
Delhi,2026-08-24 12:00:00+00:00,113.0,89.0,9,18,100.24375628210419,113.0,93.50069541029207,107.6235596782828,
Delhi,2026-08-24 13:00:00+00:00,113.0,90.0,9,18,108.62240306132333,113.0,93.50069541029207,114.05805485616321,
Delhi,2026-08-24 14:00:00+00:00,113.0,93.0,9,18,110.91433989348822,113.0,93.50069541029207,114.10382271558949,
Delhi,2026-08-24 15:00:00+00:00,112.0,96.0,9,18,110.8904618781871,112.0,93.50069541029207,104.29938600454504,
Delhi,2026-08-24 16:00:00+00:00,112.0,98.0,9,18,113.23862094335713,112.0,93.50069541029207,111.33204065228406,
Bengaluru,2026-08-24 17:00:00+00:00,66.0,61.0,10,18,67.43123326529286,66.0,92.68702290076335,69.89559300267055,
Bengaluru,2026-08-24 18:00:00+00:00,66.0,61.0,10,18,69.35726645828176,66.0,92.68702290076335,68.4900712206326,
Bengaluru,2026-08-24 19:00:00+00:00,66.0,62.0,10,18,66.49305576971273,66.0,92.68702290076335,67.59165874996562,
Bengaluru,2026-08-24 20:00:00+00:00,64.0,62.0,10,18,65.03774451273539,64.0,92.68702290076335,62.65327617413166,
Bengaluru,2026-08-24 21:00:00+00:00,63.0,59.0,10,18,63.712834713305625,63.0,92.68702290076335,60.957113584597344,
Bengaluru,2026-08-24 22:00:00+00:00,63.0,58.0,10,18,64.02550805055559,63.0,92.68702290076335,61.694182715310035,
Bengaluru,2026-08-24 23:00:00+00:00,64.0,58.0,10,18,64.51717263172692,64.0,92.68702290076335,64.34737656964529,
Bengaluru,2026-08-25 00:00:00+00:00,64.0,58.0,10,18,65.1465490359947,64.0,92.68702290076335,64.22204383245881,
Bengaluru,2026-08-25 01:00:00+00:00,64.0,58.0,10,18,65.00215714682653,64.0,92.68702290076335,64.14193088377702,
Bengaluru,2026-08-25 02:00:00+00:00,64.0,59.0,10,18,64.44333804424764,64.0,92.68702290076335,64.0907225188229,
Bengaluru,2026-08-25 03:00:00+00:00,61.0,60.0,10,18,61.97225029514407,61.0,92.68702290076335,57.51181686789242,
Bengaluru,2026-08-25 04:00:00+00:00,60.0,60.0,10,18,61.13939562239758,60.0,92.68702290076335,56.58828830141104,
Bengaluru,2026-08-25 05:00:00+00:00,60.0,60.0,10,18,61.34378919331037,60.0,92.68702290076335,57.819226721083545,
Bengaluru,2026-08-25 06:00:00+00:00,60.0,61.0,10,18,61.832480299326555,60.0,92.68702290076335,58.60604514267627,
Bengaluru,2026-08-25 07:00:00+00:00,61.0,61.0,10,18,62.388741354830415,61.0,92.68702290076335,61.29103884814273,
Bengaluru,2026-08-25 08:00:00+00:00,61.0,62.0,10,18,62.24228892569903,61.0,92.68702290076335,61.186032642623026,
Bengaluru,2026-08-25 09:00:00+00:00,61.0,63.0,10,18,62.27109289197475,61.0,92.68702290076335,61.11891245564691,
Bengaluru,2026-08-25 10:00:00+00:00,61.0,63.0,10,18,62.35378336665825,61.0,92.68702290076335,61.07600909124661,
Bengaluru,2026-08-25 11:00:00+00:00,61.0,64.0,10,18,62.15861908945834,61.0,92.68702290076335,61.04858517066781,
Bengaluru,2026-08-25 12:00:00+00:00,61.0,64.0,10,18,61.54524098766301,61.0,92.68702290076335,61.031055743071086,
Bengaluru,2026-08-25 13:00:00+00:00,62.0,64.0,10,18,62.581307592363196,62.0,92.68702290076335,63.2019086150105,
Bengaluru,2026-08-25 14:00:00+00:00,62.0,65.0,10,18,63.38302736671288,62.0,92.68702290076335,62.76826250951936,
Bengaluru,2026-08-25 15:00:00+00:00,59.0,65.0,10,18,60.3697611627617,59.0,92.68702290076335,55.944901852106334,
Bengaluru,2026-08-25 16:00:00+00:00,58.0,66.0,10,18,59.32371136896772,58.0,92.68702290076335,54.865117132365704,
Bengaluru,2026-08-25 17:00:00+00:00,58.0,67.0,10,18,59.454847307741616,58.0,92.68702290076335,55.99617629089297,
Bengaluru,2026-08-25 18:00:00+00:00,58.0,68.0,10,18,59.541031876261826,58.0,92.68702290076335,56.71915167911534,
Bengaluru,2026-08-25 19:00:00+00:00,58.0,68.0,10,18,59.569762284637214,58.0,92.68702290076335,57.18127906479151,
Bengaluru,2026-08-25 20:00:00+00:00,59.0,69.0,10,18,60.96032171943136,59.0,92.68702290076335,59.658729578574025,
Bengaluru,2026-08-25 21:00:00+00:00,60.0,69.0,10,18,61.95077318193005,60.0,92.68702290076335,61.60311904815059,
Bengaluru,2026-08-25 22:00:00+00:00,60.0,69.0,10,18,61.95782758890575,60.0,92.68702290076335,61.0247170605227,
Bengaluru,2026-08-25 23:00:00+00:00,60.0,69.0,10,18,61.99963434037346,60.0,92.68702290076335,60.655001295965945,
Bengaluru,2026-08-26 00:00:00+00:00,61.0,69.0,10,18,62.97451579132921,61.0,92.68702290076335,62.600735922081824,
Bengaluru,2026-08-26 01:00:00+00:00,61.0,68.0,10,18,62.96166073625356,61.0,92.68702290076335,62.0231937613374,
Bengaluru,2026-08-26 02:00:00+00:00,62.0,68.0,10,18,63.988154438393494,62.0,92.68702290076335,63.83608531878278,
Bengaluru,2026-08-26 03:00:00+00:00,63.0,67.0,10,18,65.10592555159273,63.0,92.68702290076335,65.35568730856022,
Bengaluru,2026-08-26 04:00:00+00:00,63.0,67.0,10,18,65.11521771976541,63.0,92.68702290076335,64.50576027221638,
Bengaluru,2026-08-26 05:00:00+00:00,64.0,66.0,10,18,67.86369842791677,64.0,92.68702290076335,66.14454284544314,
Bengaluru,2026-08-26 06:00:00+00:00,64.0,66.0,10,18,66.34013228432619,64.0,92.68702290076335,65.3707962882,
Bengaluru,2026-08-26 07:00:00+00:00,64.0,65.0,10,18,66.2348510778218,64.0,92.68702290076335,64.87621586471711,
Bengaluru,2026-08-26 08:00:00+00:00,65.0,65.0,10,18,67.24569741369726,65.0,92.68702290076335,66.74213673875668,
Bengaluru,2026-08-26 09:00:00+00:00,65.0,65.0,10,18,67.22538990915135,65.0,92.68702290076335,66.11357746015608,
Bengaluru,2026-08-26 10:00:00+00:00,66.0,64.0,10,18,67.99870122477547,66.0,92.68702290076335,67.89385876878296,
Bengaluru,2026-08-26 11:00:00+00:00,67.0,64.0,10,18,69.2570644118749,67.0,92.68702290076335,69.39261621906672,
Bengaluru,2026-08-26 14:00:00+00:00,69.0,63.0,10,18,71.45026560368444,69.0,92.68702290076335,71.28988910506168,
Bengaluru,2026-08-30 23:00:00+00:00,56.0,71.0,10,18,56.60002158982656,56.0,92.68702290076335,55.83411755367607,
Bengaluru,2026-08-31 00:00:00+00:00,56.0,72.0,10,18,56.34037184761655,56.0,92.68702290076335,55.90571302029873,
Bengaluru,2026-08-31 01:00:00+00:00,56.0,72.0,10,18,56.40661536999215,56.0,92.68702290076335,55.942341156253555,
Bengaluru,2026-08-31 02:00:00+00:00,56.0,72.0,10,18,56.478838305323706,56.0,92.68702290076335,55.96378503478087,
Bengaluru,2026-08-31 03:00:00+00:00,56.0,72.0,10,18,56.66847435402672,56.0,92.68702290076335,55.97701457524294,
Bengaluru,2026-08-31 04:00:00+00:00,56.0,73.0,10,18,56.363997948405,56.0,92.68702290076335,55.98534988288963,
Bengaluru,2026-08-31 05:00:00+00:00,56.0,73.0,10,18,56.4532009127648,56.0,92.68702290076335,55.99064659480119,
Bengaluru,2026-08-31 06:00:00+00:00,56.0,74.0,10,18,56.84410823563105,56.0,92.68702290076335,55.99402414672575,
Bengaluru,2026-08-31 07:00:00+00:00,56.0,74.0,10,18,56.97015457214082,56.0,92.68702290076335,55.99618096924426,
Bengaluru,2026-08-31 08:00:00+00:00,56.0,75.0,10,18,57.378340092470545,56.0,92.68702290076335,55.99755906261343,
Bengaluru,2026-08-31 09:00:00+00:00,56.0,75.0,10,18,57.07961827122388,56.0,92.68702290076335,55.99843979864353,
Bengaluru,2026-08-31 10:00:00+00:00,57.0,76.0,10,18,58.11196247047044,57.0,92.68702290076335,58.18111102827216,
Bengaluru,2026-08-31 11:00:00+00:00,57.0,76.0,10,18,58.05083275615005,57.0,92.68702290076335,57.75496453335983,
Bengaluru,2026-08-31 12:00:00+00:00,58.0,76.0,10,18,59.10328729172119,58.0,92.68702290076335,59.66464000217362,
Bengaluru,2026-08-31 13:00:00+00:00,60.0,76.0,10,18,62.60592049520273,60.0,92.68702290076335,63.42816275276798,
Bengaluru,2026-08-31 14:00:00+00:00,64.0,76.0,10,18,89.41927769677011,64.0,92.68702290076335,70.91952452624625,
Bengaluru,2026-08-31 15:00:00+00:00,68.0,76.0,10,18,92.89616681220953,68.0,92.68702290076335,77.15120710847972,
Bengaluru,2026-08-31 16:00:00+00:00,70.0,76.0,10,18,77.22849919727432,70.0,92.68702290076335,78.21358633740095,
Bengaluru,2026-08-31 17:00:00+00:00,71.0,76.0,10,18,80.88001431700317,71.0,92.68702290076335,77.43219930903916,
Bengaluru,2026-08-31 18:00:00+00:00,72.0,76.0,10,18,80.99595173369599,72.0,92.68702290076335,77.29353301505404,
Bengaluru,2026-08-31 19:00:00+00:00,72.0,75.0,10,18,73.21457683627983,72.0,92.68702290076335,75.38363740001847,
Bengaluru,2026-08-31 20:00:00+00:00,72.0,73.0,10,18,81.12484644082524,72.0,92.68702290076335,74.16282812460172,
Bengaluru,2026-08-31 21:00:00+00:00,72.0,70.0,10,18,80.73478662470694,72.0,92.68702290076335,73.38248427604198,
Delhi,2026-08-24 17:00:00+00:00,110.0,100.0,10,18,100.3627320045014,110.0,92.68702290076335,96.3640922714521,
Delhi,2026-08-24 18:00:00+00:00,110.0,99.0,10,18,103.9295873347506,110.0,92.68702290076335,109.28707354185245,
Delhi,2026-08-24 19:00:00+00:00,109.0,98.0,10,18,104.43907835504066,109.0,92.68702290076335,104.08859235058004,
Delhi,2026-08-24 20:00:00+00:00,109.0,96.0,10,18,104.37524827190767,109.0,92.68702290076335,108.8928724363092,
Delhi,2026-08-24 21:00:00+00:00,109.0,94.0,10,18,105.22490647662785,109.0,92.68702290076335,109.9605161917209,
Delhi,2026-08-24 22:00:00+00:00,108.0,92.0,10,18,104.17713598377097,108.0,92.68702290076335,100.57345637930156,
Delhi,2026-08-24 23:00:00+00:00,108.0,90.0,10,18,102.95819980892539,108.0,92.68702290076335,107.32370804629052,
Delhi,2026-08-25 00:00:00+00:00,107.0,89.0,10,18,101.95098848004143,107.0,92.68702290076335,100.8648703792465,
Delhi,2026-08-25 01:00:00+00:00,105.0,87.0,10,18,100.69265609118003,105.0,92.68702290076335,89.69208171786111,
Delhi,2026-08-25 02:00:00+00:00,101.0,86.0,10,18,94.27309701578713,101.0,92.68702290076335,71.04140128510792,
Delhi,2026-08-25 03:00:00+00:00,97.0,85.0,10,18,88.93914843688265,97.0,92.68702290076335,67.90054546379035,
Delhi,2026-08-25 04:00:00+00:00,92.0,87.0,10,18,83.22235513101012,92.0,92.68702290076335,58.3387238415933,
Delhi,2026-08-25 05:00:00+00:00,89.0,85.0,10,18,78.53853673566131,89.0,92.68702290076335,70.03158174250444,
Delhi,2026-08-25 06:00:00+00:00,89.0,83.0,10,18,79.85500404279642,89.0,92.68702290076335,94.50720631206552,
Delhi,2026-08-25 07:00:00+00:00,90.0,83.0,10,18,80.93808447378277,90.0,92.68702290076335,101.80969289839295,
Delhi,2026-08-25 08:00:00+00:00,93.0,86.0,10,18,82.04612412233983,93.0,92.68702290076335,115.4298677080311,
Delhi,2026-08-25 09:00:00+00:00,96.0,88.0,10,18,87.34047509070447,96.0,92.68702290076335,117.7559123283241,
Delhi,2026-08-25 10:00:00+00:00,98.0,90.0,10,18,93.8781778922322,98.0,92.68702290076335,110.0543200912327,
Delhi,2026-08-25 11:00:00+00:00,100.0,92.0,10,18,96.38097765907628,100.0,92.68702290076335,111.48538717815602,
Delhi,2026-08-25 12:00:00+00:00,99.0,93.0,10,18,92.96959603059265,99.0,92.68702290076335,89.73252375765489,
Delhi,2026-08-25 13:00:00+00:00,98.0,95.0,10,18,90.91799120521475,98.0,92.68702290076335,87.53032336936202,
Delhi,2026-08-25 14:00:00+00:00,96.0,96.0,10,18,89.86025443594116,96.0,92.68702290076335,81.97910097879824,
Delhi,2026-08-25 15:00:00+00:00,94.0,96.0,10,18,84.5568188656204,94.0,92.68702290076335,80.09761542515712,
Delhi,2026-08-25 16:00:00+00:00,92.0,97.0,10,18,84.26603067402635,92.0,92.68702290076335,78.81070039467191,
Delhi,2026-08-25 17:00:00+00:00,90.0,98.0,10,18,79.95384747323735,90.0,92.68702290076335,76.85487718029387,
Delhi,2026-08-25 18:00:00+00:00,89.0,101.0,10,18,75.03034679554673,89.0,92.68702290076335,83.25690529121842,
Delhi,2026-08-25 19:00:00+00:00,87.0,103.0,10,18,76.43922226559337,87.0,92.68702290076335,74.19353796119177,
Delhi,2026-08-25 20:00:00+00:00,86.0,107.0,10,18,75.54019238875506,86.0,92.68702290076335,78.81737055389192,
Delhi,2026-08-25 21:00:00+00:00,85.0,110.0,10,18,76.13068323658939,85.0,92.68702290076335,79.52891191232214,
Delhi,2026-08-25 22:00:00+00:00,87.0,112.0,10,18,83.3796480827953,87.0,92.68702290076335,103.19600587921309,
Delhi,2026-08-25 23:00:00+00:00,85.0,114.0,10,18,79.4031203982992,85.0,92.68702290076335,72.10396705104706,
Delhi,2026-08-26 00:00:00+00:00,83.0,116.0,10,18,80.46359745751082,83.0,92.68702290076335,63.93414818332521,
Delhi,2026-08-26 01:00:00+00:00,83.0,117.0,10,18,83.43810780738566,83.0,92.68702290076335,84.17643938800654,
Delhi,2026-08-26 02:00:00+00:00,86.0,118.0,10,18,87.86192467116162,86.0,92.68702290076335,112.49594140126636,
Delhi,2026-08-26 03:00:00+00:00,88.0,118.0,10,18,89.18012338271157,88.0,92.68702290076335,104.70411461637094,
Delhi,2026-08-26 04:00:00+00:00,90.0,119.0,10,18,91.22256438470295,90.0,92.68702290076335,100.9893804968712,
Delhi,2026-08-26 05:00:00+00:00,92.0,120.0,10,18,97.3142943275127,92.0,92.68702290076335,104.38285019061466,
Delhi,2026-08-26 06:00:00+00:00,93.0,120.0,10,18,98.20618008840017,93.0,92.68702290076335,99.10561582073888,
Delhi,2026-08-26 07:00:00+00:00,95.0,121.0,10,18,101.38123533501918,95.0,92.68702290076335,107.99148120252748,
Delhi,2026-08-26 08:00:00+00:00,96.0,121.0,10,18,103.66626740772918,96.0,92.68702290076335,103.12852174139238,
Delhi,2026-08-26 09:00:00+00:00,96.0,122.0,10,18,103.70056371749769,96.0,92.68702290076335,93.89062068692597,
Delhi,2026-08-26 10:00:00+00:00,97.0,123.0,10,18,102.42311195587084,97.0,92.68702290076335,102.92995151530938,
Delhi,2026-08-26 11:00:00+00:00,98.0,124.0,10,18,104.44532427100623,98.0,92.68702290076335,106.30024545178941,
Delhi,2026-08-26 12:00:00+00:00,101.0,125.0,10,18,108.16678974295596,101.0,92.68702290076335,123.01362692612719,
Delhi,2026-08-26 13:00:00+00:00,103.0,127.0,10,18,111.17073918306069,103.0,92.68702290076335,117.8712753758085,
Delhi,2026-08-26 14:00:00+00:00,107.0,129.0,10,18,113.28759508198004,107.0,92.68702290076335,133.77904031189638,
Delhi,2026-08-26 15:00:00+00:00,110.0,130.0,10,18,112.74149567863657,110.0,92.68702290076335,131.34556138712458,
Delhi,2026-08-30 23:00:00+00:00,126.0,122.0,10,18,149.04093697729746,126.0,92.68702290076335,125.53321478182798,
Delhi,2026-08-31 00:00:00+00:00,126.0,123.0,10,18,139.56188426103583,126.0,92.68702290076335,126.0286553168187,
Delhi,2026-08-31 01:00:00+00:00,126.0,124.0,10,18,130.87753827815794,126.0,92.68702290076335,126.01793650742263,
Delhi,2026-08-31 02:00:00+00:00,126.0,125.0,10,18,128.7475184418932,126.0,92.68702290076335,125.99610532950959,
Delhi,2026-08-31 03:00:00+00:00,125.0,125.0,10,18,128.99404784005895,125.0,92.68702290076335,117.46562256885996,
Delhi,2026-08-31 04:00:00+00:00,125.0,125.0,10,18,141.01253194855943,125.0,92.68702290076335,124.50598623831048,
Delhi,2026-08-31 05:00:00+00:00,125.0,125.0,10,18,161.15726503035592,125.0,92.68702290076335,126.44074487394202,
Delhi,2026-08-31 06:00:00+00:00,125.0,125.0,10,18,158.41982518840308,125.0,92.68702290076335,125.23418878339662,
Delhi,2026-08-31 07:00:00+00:00,124.0,125.0,10,18,154.89458298120283,124.0,92.68702290076335,116.19871421995181,
Delhi,2026-08-31 08:00:00+00:00,124.0,125.0,10,18,153.8133089598216,124.0,92.68702290076335,123.43173913264023,
Delhi,2026-08-31 09:00:00+00:00,124.0,124.0,10,18,141.16454534926422,124.0,92.68702290076335,125.48794411682609,
Delhi,2026-08-31 10:00:00+00:00,124.0,124.0,10,18,140.79749501276032,124.0,92.68702290076335,124.25336397106338,
Delhi,2026-08-31 11:00:00+00:00,123.0,124.0,10,18,140.0292435409217,123.0,92.68702290076335,115.19117546409635,
Delhi,2026-08-31 12:00:00+00:00,123.0,123.0,10,18,139.73440676794388,123.0,92.68702290076335,122.42722718117057,
Delhi,2026-08-31 13:00:00+00:00,122.0,123.0,10,18,138.74179909945394,122.0,92.68702290076335,115.95023638973228,
Delhi,2026-08-31 14:00:00+00:00,121.0,122.0,10,18,140.74290433976915,121.0,92.68702290076335,113.21848676466358,
Delhi,2026-08-31 15:00:00+00:00,121.0,121.0,10,18,147.16730581782102,121.0,92.68702290076335,121.67554216595,
Delhi,2026-08-31 16:00:00+00:00,121.0,121.0,10,18,146.83581039950226,121.0,92.68702290076335,122.60194890698214,
Delhi,2026-08-31 17:00:00+00:00,122.0,120.0,10,18,149.91237154988147,122.0,92.68702290076335,129.55712269305124,
Delhi,2026-08-31 18:00:00+00:00,123.0,120.0,10,18,145.07526384214904,123.0,92.68702290076335,130.7210065027735,
Bengaluru,2026-07-03 09:00:00+00:00,53.0,,1,24,48.79480218147865,53.0,94.20918367346938,55.65617379696148,47.0
Bengaluru,2026-07-03 10:00:00+00:00,54.0,,1,24,50.27518311971253,54.0,94.20918367346938,57.490942736214706,47.0
Bengaluru,2026-07-03 11:00:00+00:00,54.0,,1,24,49.86948013043601,54.0,94.20918367346938,57.07955894020491,48.0
Bengaluru,2026-07-03 12:00:00+00:00,54.0,,1,24,49.975204297880765,54.0,94.20918367346938,56.058766294697634,49.0
Bengaluru,2026-07-03 13:00:00+00:00,54.0,,1,24,50.01261589282177,54.0,94.20918367346938,54.97572042194701,49.0
Bengaluru,2026-07-03 14:00:00+00:00,54.0,,1,24,50.02190104993046,54.0,94.20918367346938,54.14051435566401,49.0
Bengaluru,2026-07-03 15:00:00+00:00,54.0,,1,24,50.00621284271284,54.0,94.20918367346938,53.65535882861581,49.0
Bengaluru,2026-07-03 16:00:00+00:00,55.0,,1,24,50.86653968253968,55.0,94.20918367346938,56.311787660395844,49.0
Bengaluru,2026-07-03 17:00:00+00:00,55.0,,1,24,50.82942063492063,55.0,94.20918367346938,56.907744727917624,49.0
Bengaluru,2026-07-03 18:00:00+00:00,55.0,,1,24,51.002073870573874,55.0,94.20918367346938,56.73241855150253,49.0
Bengaluru,2026-07-03 19:00:00+00:00,55.0,,1,24,50.957313725490195,55.0,94.20918367346938,56.1883033710608,49.0
Bengaluru,2026-07-03 20:00:00+00:00,54.0,,1,24,50.101366013071896,54.0,94.20918367346938,52.759853088284,49.0
Bengaluru,2026-07-03 21:00:00+00:00,54.0,,1,24,50.199018315018314,54.0,94.20918367346938,51.730569859088476,49.0
Bengaluru,2026-07-03 22:00:00+00:00,54.0,,1,24,50.238594412123824,54.0,94.20918367346938,51.76705325529512,49.0
Bengaluru,2026-07-03 23:00:00+00:00,53.0,,1,24,49.2657266872561,53.0,94.20918367346938,49.53903739867379,49.0
Bengaluru,2026-07-04 00:00:00+00:00,53.0,,1,24,50.02212503890445,53.0,94.20918367346938,49.731387709971486,49.0
Bengaluru,2026-07-04 01:00:00+00:00,52.0,,1,24,49.330696467475875,52.0,94.20918367346938,47.85607772371655,49.0
Bengaluru,2026-07-04 02:00:00+00:00,51.0,,1,24,48.753766573295984,51.0,94.20918367346938,45.58773056851109,49.0
Bengaluru,2026-07-04 03:00:00+00:00,50.0,,1,24,49.75955555555556,50.0,94.20918367346938,43.43765550648216,50.0
Bengaluru,2026-07-04 04:00:00+00:00,49.0,,1,24,49.50038492063492,49.0,94.20918367346938,41.649804531043316,51.0
Bengaluru,2026-07-04 05:00:00+00:00,48.0,,1,24,48.95014814814815,48.0,94.20918367346938,40.26115112709509,52.0
Bengaluru,2026-07-04 06:00:00+00:00,47.0,,1,24,49.58868253968254,47.0,94.20918367346938,39.1878800504405,53.0
Bengaluru,2026-07-04 07:00:00+00:00,47.0,,1,24,49.62351984126984,47.0,94.20918367346938,41.13059812846003,54.0
Bengaluru,2026-07-04 08:00:00+00:00,47.0,,1,24,49.87300396825397,47.0,94.20918367346938,43.6985634675227,55.0
Bengaluru,2026-07-04 09:00:00+00:00,47.0,,1,24,49.83224206349206,47.0,94.20918367346938,45.93546885712504,55.0
Bengaluru,2026-07-04 10:00:00+00:00,47.0,,1,24,49.876612433862434,47.0,94.20918367346938,47.413578908224345,56.0
Bengaluru,2026-07-04 11:00:00+00:00,48.0,,1,24,50.76619467787115,48.0,94.20918367346938,50.927729177628564,58.0
Bengaluru,2026-07-04 12:00:00+00:00,49.0,,1,24,51.20206769374416,49.0,94.20918367346938,54.39230204672885,60.0
Bengaluru,2026-07-04 13:00:00+00:00,49.0,,1,24,50.99093277310924,49.0,94.20918367346938,54.362619839215924,60.0
Bengaluru,2026-07-04 14:00:00+00:00,49.0,,1,24,50.82801213818861,49.0,94.20918367346938,52.953931086826934,60.0
Bengaluru,2026-07-04 15:00:00+00:00,49.0,,1,24,51.023956582633055,49.0,94.20918367346938,51.17031280249297,60.0
Bengaluru,2026-07-04 16:00:00+00:00,49.0,,1,24,51.144420634920635,49.0,94.20918367346938,49.648516583665135,59.0
Bengaluru,2026-07-04 17:00:00+00:00,49.0,,1,24,51.25211531279179,49.0,94.20918367346938,48.66259860970147,59.0
Bengaluru,2026-07-04 18:00:00+00:00,49.0,,1,24,51.36476587301588,49.0,94.20918367346938,48.22060365184755,59.0
Bengaluru,2026-07-04 19:00:00+00:00,49.0,,1,24,51.37995634920635,49.0,94.20918367346938,48.18558920192418,59.0
Bengaluru,2026-07-04 20:00:00+00:00,49.0,,1,24,51.223099206349204,49.0,94.20918367346938,48.37829322391654,59.0
Bengaluru,2026-07-04 21:00:00+00:00,49.0,,1,24,51.52713095238095,49.0,94.20918367346938,48.64327690975833,59.0
Bengaluru,2026-07-04 22:00:00+00:00,49.0,,1,24,51.85063095238095,49.0,94.20918367346938,48.87826851665996,59.0
Bengaluru,2026-07-04 23:00:00+00:00,49.0,,1,24,51.8980753968254,49.0,94.20918367346938,49.036118307813595,59.0
Bengaluru,2026-07-05 00:00:00+00:00,49.0,,1,24,51.48553174603175,49.0,94.20918367346938,49.11153280202762,59.0
Bengaluru,2026-07-05 01:00:00+00:00,49.0,,1,24,51.0518253968254,49.0,94.20918367346938,49.12307795388797,59.0
Bengaluru,2026-07-05 02:00:00+00:00,49.0,,1,24,50.706476190476195,49.0,94.20918367346938,49.0973148775558,60.0
Bengaluru,2026-07-05 03:00:00+00:00,50.0,,1,24,50.62352380952381,50.0,94.20918367346938,51.885741614376045,60.0
Bengaluru,2026-07-05 04:00:00+00:00,51.0,,1,24,50.06822510822511,51.0,94.20918367346938,55.23108309039276,60.0
Bengaluru,2026-07-05 05:00:00+00:00,52.0,,1,24,50.62291558441559,52.0,94.20918367346938,58.26647563979658,60.0
Bengaluru,2026-07-05 06:00:00+00:00,53.0,,1,24,51.641613997114,53.0,94.20918367346938,60.60674899413302,61.0
Bengaluru,2026-07-05 07:00:00+00:00,54.0,,1,24,52.863352092352095,54.0,94.20918367346938,62.225526303939546,61.0
Bengaluru,2026-07-05 08:00:00+00:00,55.0,,1,24,53.50089971139971,55.0,94.20918367346938,63.29602040040451,60.0
Bengaluru,2026-07-05 09:00:00+00:00,55.0,,1,24,53.27527272727273,55.0,94.20918367346938,61.226135167185234,60.0
Bengaluru,2026-07-05 10:00:00+00:00,56.0,,1,24,55.70573520923521,56.0,94.20918367346938,61.32474916266598,59.0
Bengaluru,2026-07-05 11:00:00+00:00,58.0,,1,24,56.70298544266191,58.0,94.20918367346938,65.15954165241496,57.0
Bengaluru,2026-07-05 12:00:00+00:00,60.0,,1,24,59.0647904040404,60.0,94.20918367346938,70.03448767029623,56.0
Bengaluru,2026-07-05 13:00:00+00:00,60.0,,1,24,57.90073484848485,60.0,94.20918367346938,69.06644852539061,56.0
Bengaluru,2026-07-05 14:00:00+00:00,60.0,,1,24,57.897179292929295,60.0,94.20918367346938,66.19175268459847,56.0
Bengaluru,2026-07-05 15:00:00+00:00,60.0,,1,24,58.3086158008658,60.0,94.20918367346938,63.03942194234934,57.0
Bengaluru,2026-07-05 16:00:00+00:00,59.0,,1,24,56.89500889143536,59.0,94.20918367346938,57.729111267355265,57.0
Bengaluru,2026-07-05 17:00:00+00:00,59.0,,1,24,57.128763220439694,59.0,94.20918367346938,55.69690063099707,57.0
Bengaluru,2026-07-05 18:00:00+00:00,59.0,,1,24,57.63790068265068,59.0,94.20918367346938,55.46308185586851,58.0
Bengaluru,2026-07-07 19:00:00+00:00,58.0,,1,24,58.611017797017794,58.0,94.20918367346938,57.02433367991168,55.0
Bengaluru,2026-07-07 20:00:00+00:00,58.0,,1,24,65.46327116402117,58.0,94.20918367346938,57.323669672026654,55.0
Bengaluru,2026-07-07 21:00:00+00:00,58.0,,1,24,64.69331878306878,58.0,94.20918367346938,57.684452289222435,55.0
Bengaluru,2026-07-07 22:00:00+00:00,58.0,,1,24,56.65204417804418,58.0,94.20918367346938,57.925325059062274,55.0
Bengaluru,2026-07-07 23:00:00+00:00,58.0,,1,24,65.15499014874014,58.0,94.20918367346938,58.04794183730794,55.0
Bengaluru,2026-07-08 00:00:00+00:00,58.0,,1,24,66.70364094239095,58.0,94.20918367346938,58.093978811513004,55.0
Bengaluru,2026-07-08 01:00:00+00:00,59.0,,1,24,57.72913941613942,59.0,94.20918367346938,60.906172324414996,55.0
Bengaluru,2026-07-08 02:00:00+00:00,58.0,,1,24,56.90298321123321,58.0,94.20918367346938,58.593037704506564,55.0
Bengaluru,2026-07-08 03:00:00+00:00,58.0,,1,24,56.65089346764347,58.0,94.20918367346938,57.68916809033883,55.0
Delhi,2026-07-03 09:00:00+00:00,106.0,,1,24,121.77533333333334,106.0,94.20918367346938,112.5199033555665,125.0
Delhi,2026-07-03 10:00:00+00:00,106.0,,1,24,114.52830769230769,106.0,94.20918367346938,106.00570529528945,124.0
Delhi,2026-07-03 11:00:00+00:00,107.0,,1,24,115.53013705738705,107.0,94.20918367346938,112.42634390699966,123.0
Delhi,2026-07-03 12:00:00+00:00,107.0,,1,24,117.82246649265767,107.0,94.20918367346938,108.08426816087427,123.0
Delhi,2026-07-03 13:00:00+00:00,107.0,,1,24,116.79452637721755,107.0,94.20918367346938,105.94138151130838,123.0
Delhi,2026-07-03 14:00:00+00:00,107.0,,1,24,116.3596746031746,107.0,94.20918367346938,106.96534675372583,123.0
Delhi,2026-07-03 15:00:00+00:00,107.0,,1,24,115.33483333333334,107.0,94.20918367346938,107.18199262506403,124.0
Delhi,2026-07-03 16:00:00+00:00,108.0,,1,24,115.0829126984127,108.0,94.20918367346938,114.49896299298594,126.0
Delhi,2026-07-03 17:00:00+00:00,109.0,,1,24,110.80309403559403,109.0,94.20918367346938,116.42439856639045,127.0
Delhi,2026-07-03 18:00:00+00:00,111.0,,1,24,111.03133213083213,111.0,94.20918367346938,123.75714542223876,128.0
Delhi,2026-07-03 19:00:00+00:00,113.0,,1,24,115.29578715728715,113.0,94.20918367346938,126.70045519605615,130.0
Delhi,2026-07-03 20:00:00+00:00,116.0,,1,24,119.28475012025012,116.0,94.20918367346938,135.19545746118206,131.0
Delhi,2026-07-03 21:00:00+00:00,118.0,,1,24,121.77751058201058,118.0,94.20918367346938,131.5948667861856,133.0
Delhi,2026-07-03 22:00:00+00:00,121.0,,1,24,127.35329761904761,121.0,94.20918367346938,139.13248915587516,134.0
Delhi,2026-07-03 23:00:00+00:00,123.0,,1,24,120.11058465608465,123.0,94.20918367346938,136.75996918302184,140.0
Delhi,2026-07-04 00:00:00+00:00,124.0,,1,24,130.01873412698413,124.0,94.20918367346938,129.2506953784666,145.0
Delhi,2026-07-04 01:00:00+00:00,126.0,,1,24,124.40807936507936,126.0,94.20918367346938,137.84331801146027,151.0
Delhi,2026-07-04 02:00:00+00:00,128.0,,1,24,124.69944444444445,128.0,94.20918367346938,142.19102321647327,156.0
Delhi,2026-07-04 03:00:00+00:00,128.0,,1,24,133.73775925925926,128.0,94.20918367346938,127.72515584576024,160.0
Delhi,2026-07-04 04:00:00+00:00,128.0,,1,24,124.67060185185186,128.0,94.20918367346938,125.66289613547605,161.0
Delhi,2026-07-04 05:00:00+00:00,128.0,,1,24,125.28358333333334,128.0,94.20918367346938,128.37014918753525,163.0
Delhi,2026-07-04 06:00:00+00:00,127.0,,1,24,126.88689995822891,127.0,94.20918367346938,120.82143014665557,162.0
Delhi,2026-07-04 07:00:00+00:00,127.0,,1,24,127.03831794764689,127.0,94.20918367346938,125.9571539480565,159.0
Delhi,2026-07-04 08:00:00+00:00,126.0,,1,24,125.99744444444444,126.0,94.20918367346938,120.6603727188602,155.0
Delhi,2026-07-04 09:00:00+00:00,125.0,,1,24,120.5839171539961,125.0,94.20918367346938,117.5588915373603,153.0
Delhi,2026-07-04 10:00:00+00:00,124.0,,1,24,123.77898941798942,124.0,94.20918367346938,117.56953283055016,151.0
Delhi,2026-07-04 11:00:00+00:00,123.0,,1,24,121.69474338624339,123.0,94.20918367346938,116.78109643770703,148.0
Delhi,2026-07-04 12:00:00+00:00,123.0,,1,24,121.26178306878307,123.0,94.20918367346938,123.10100179279472,143.0
Delhi,2026-07-04 13:00:00+00:00,123.0,,1,24,121.47799338624338,123.0,94.20918367346938,124.02688093939146,138.0
Delhi,2026-07-04 14:00:00+00:00,123.0,,1,24,120.08367063492064,123.0,94.20918367346938,122.84067046445587,133.0
Delhi,2026-07-04 15:00:00+00:00,124.0,,1,24,120.14741402116402,124.0,94.20918367346938,130.36862866483284,130.0
Delhi,2026-07-04 16:00:00+00:00,126.0,,1,24,121.6032671957672,126.0,94.20918367346938,140.01800881538776,128.0
Delhi,2026-07-04 17:00:00+00:00,127.0,,1,24,120.68015806878307,127.0,94.20918367346938,134.183883404906,126.0
Delhi,2026-07-04 18:00:00+00:00,128.0,,1,24,121.51790211640213,128.0,94.20918367346938,133.01359845691172,123.0
Delhi,2026-07-04 19:00:00+00:00,130.0,,1,24,122.28552116402116,130.0,94.20918367346938,142.9768753168479,121.0
Delhi,2026-07-04 20:00:00+00:00,131.0,,1,24,122.62946560846561,131.0,94.20918367346938,138.555082822738,117.0
Delhi,2026-07-04 21:00:00+00:00,133.0,,1,24,124.39060052910052,133.0,94.20918367346938,144.65477892539514,113.0
Delhi,2026-07-04 22:00:00+00:00,134.0,,1,24,125.25419576719577,134.0,94.20918367346938,141.3130712452853,109.0
Delhi,2026-07-04 23:00:00+00:00,140.0,,1,24,131.05575132275132,140.0,94.20918367346938,177.983249232705,105.0
Delhi,2026-07-05 00:00:00+00:00,145.0,,1,24,135.6438253968254,145.0,94.20918367346938,182.12688348382778,102.0
Delhi,2026-07-05 01:00:00+00:00,151.0,,1,24,141.72277777777776,151.0,94.20918367346938,187.7928034026722,98.0
Delhi,2026-07-05 02:00:00+00:00,156.0,,1,24,146.83113492063492,156.0,94.20918367346938,188.30190438726916,93.0
Delhi,2026-07-05 03:00:00+00:00,160.0,,1,24,151.78151984126984,160.0,94.20918367346938,184.62445088616343,90.0
Delhi,2026-07-05 04:00:00+00:00,161.0,,1,24,153.12207275132275,161.0,94.20918367346938,166.04789875191693,88.0
Delhi,2026-07-05 05:00:00+00:00,163.0,,1,24,158.11910052910054,163.0,94.20918367346938,173.0530015951583,87.0
Delhi,2026-07-05 06:00:00+00:00,162.0,,1,24,159.19058333333334,162.0,94.20918367346938,156.9180624765213,87.0
Delhi,2026-07-05 07:00:00+00:00,159.0,,1,24,152.81194576719577,159.0,94.20918367346938,136.6291734444019,88.0
Delhi,2026-07-05 08:00:00+00:00,155.0,,1,24,151.9015,155.0,94.20918367346938,127.36621020366637,90.0
Delhi,2026-07-05 09:00:00+00:00,153.0,,1,24,151.2003267195767,153.0,94.20918367346938,140.18886520508389,92.0
Delhi,2026-07-05 10:00:00+00:00,151.0,,1,24,148.16298941798942,151.0,94.20918367346938,140.68958142426195,95.0
Delhi,2026-07-05 11:00:00+00:00,148.0,,1,24,148.60025132275132,148.0,94.20918367346938,128.34339425286305,97.0
Delhi,2026-07-05 12:00:00+00:00,143.0,,1,24,140.995751984127,143.0,94.20918367346938,109.34647131785842,98.0
Delhi,2026-07-05 13:00:00+00:00,138.0,,1,24,142.2696593915344,138.0,94.20918367346938,104.17643704742476,99.0
Delhi,2026-07-05 14:00:00+00:00,133.0,,1,24,127.88120039682539,133.0,94.20918367346938,101.54275625131204,99.0
Delhi,2026-07-05 15:00:00+00:00,130.0,,1,24,124.61757473544974,130.0,94.20918367346938,111.27982570403164,100.0
Delhi,2026-07-05 16:00:00+00:00,128.0,,1,24,133.1101064814815,128.0,94.20918367346938,117.31125723907867,101.0
Delhi,2026-07-05 17:00:00+00:00,126.0,,1,24,117.64015608465608,126.0,94.20918367346938,113.90329686505659,102.0
Delhi,2026-07-05 18:00:00+00:00,123.0,,1,24,116.5764417989418,123.0,94.20918367346938,103.2359093639757,103.0
Delhi,2026-07-07 19:00:00+00:00,98.0,,1,24,100.28205555555556,98.0,94.20918367346938,95.81777807685499,56.0
Delhi,2026-07-07 20:00:00+00:00,95.0,,1,24,94.51088888888889,95.0,94.20918367346938,75.54420041172226,54.0
Delhi,2026-07-07 23:00:00+00:00,88.0,,1,24,87.81834656084656,88.0,94.20918367346938,74.2070868998794,51.0
Delhi,2026-07-08 04:00:00+00:00,67.0,,1,24,64.98020848595849,67.0,94.20918367346938,35.50971632263402,49.0
Delhi,2026-07-08 05:00:00+00:00,65.0,,1,24,67.01269805194805,65.0,94.20918367346938,52.61324167774907,49.0
Delhi,2026-07-08 08:00:00+00:00,66.0,,1,24,69.24927938435833,66.0,94.20918367346938,64.00113880249636,48.0
Delhi,2026-07-08 09:00:00+00:00,66.0,,1,24,79.44923809523809,66.0,94.20918367346938,65.85084759824416,48.0
Delhi,2026-07-08 10:00:00+00:00,65.0,,1,24,79.30454761904763,65.0,94.20918367346938,58.836841843016856,48.0
Delhi,2026-07-08 11:00:00+00:00,64.0,,1,24,77.39184126984127,64.0,94.20918367346938,56.52352998699995,47.0
Bengaluru,2026-07-08 12:00:00+00:00,56.0,,2,24,54.15314700007825,56.0,89.07988165680473,55.43715569387224,56.0
Bengaluru,2026-07-08 13:00:00+00:00,55.0,,2,24,53.13560276064518,55.0,89.07988165680473,53.36971183653024,56.0
Bengaluru,2026-07-08 14:00:00+00:00,55.0,,2,24,53.15576146349447,55.0,89.07988165680473,53.97162358914835,56.0
Bengaluru,2026-07-08 15:00:00+00:00,55.0,,2,24,55.15011886669537,55.0,89.07988165680473,54.35130606374901,56.0
Bengaluru,2026-07-08 16:00:00+00:00,55.0,,2,24,56.72443902191773,55.0,89.07988165680473,54.590807588489454,55.0
Bengaluru,2026-07-08 17:00:00+00:00,55.0,,2,24,56.940128904397874,55.0,89.07988165680473,54.74188377542811,55.0
Bengaluru,2026-07-08 18:00:00+00:00,55.0,,2,24,55.99415956444609,55.0,89.07988165680473,54.83718176699432,56.0
Bengaluru,2026-07-08 19:00:00+00:00,55.0,,2,24,53.392372837290004,55.0,89.07988165680473,54.897295193104135,56.0
Bengaluru,2026-07-08 20:00:00+00:00,55.0,,2,24,53.39731934496679,55.0,89.07988165680473,54.93521439727512,56.0
Bengaluru,2026-07-08 21:00:00+00:00,55.0,,2,24,59.08198132119558,55.0,89.07988165680473,54.95913361363174,56.0
Bengaluru,2026-07-08 22:00:00+00:00,55.0,,2,24,59.300547278517186,55.0,89.07988165680473,54.97422171802737,57.0
Bengaluru,2026-07-08 23:00:00+00:00,55.0,,2,24,59.48438537502328,55.0,89.07988165680473,54.98373920768347,57.0
Bengaluru,2026-07-09 00:00:00+00:00,55.0,,2,24,59.46869991009465,55.0,89.07988165680473,54.98974278553387,58.0
Bengaluru,2026-07-09 01:00:00+00:00,55.0,,2,24,53.694205467298566,55.0,89.07988165680473,54.99352980798497,58.0
Bengaluru,2026-07-09 02:00:00+00:00,55.0,,2,24,53.67674827871047,55.0,89.07988165680473,54.9959186400119,59.0
Bengaluru,2026-07-09 03:00:00+00:00,55.0,,2,24,54.64017791907342,55.0,89.07988165680473,54.99742550154405,59.0
Bengaluru,2026-07-09 04:00:00+00:00,55.0,,2,24,54.31159870469544,55.0,89.07988165680473,54.99837602115007,60.0
Bengaluru,2026-07-09 05:00:00+00:00,55.0,,2,24,54.75286393443551,55.0,89.07988165680473,54.99897560346211,60.0
Bengaluru,2026-07-09 06:00:00+00:00,55.0,,2,24,53.652843765294584,55.0,89.07988165680473,54.99935381654331,60.0
Bengaluru,2026-07-09 07:00:00+00:00,55.0,,2,24,54.47236471821724,55.0,89.07988165680473,54.99959239118423,61.0
Bengaluru,2026-07-09 08:00:00+00:00,55.0,,2,24,57.38258117299483,55.0,89.07988165680473,54.999742882698456,61.0
Bengaluru,2026-07-09 09:00:00+00:00,55.0,,2,24,55.76306979824278,55.0,89.07988165680473,54.99983781188188,61.0
Bengaluru,2026-07-09 10:00:00+00:00,55.0,,2,24,54.58248064822969,55.0,89.07988165680473,54.99989769266595,62.0
Bengaluru,2026-07-09 11:00:00+00:00,55.0,,2,24,55.078693188913725,55.0,89.07988165680473,54.999935465120856,62.0
Bengaluru,2026-07-09 12:00:00+00:00,56.0,,2,24,55.8609551408039,56.0,89.07988165680473,57.275208447650165,62.0
Bengaluru,2026-07-09 13:00:00+00:00,56.0,,2,24,59.37633822922071,56.0,89.07988165680473,56.80439416985134,62.0
Bengaluru,2026-07-09 14:00:00+00:00,56.0,,2,24,59.23647330273327,56.0,89.07988165680473,56.5074072256054,62.0
Bengaluru,2026-07-09 15:00:00+00:00,56.0,,2,24,55.88245962290613,56.0,89.07988165680473,56.32006956570085,63.0
Bengaluru,2026-07-09 16:00:00+00:00,55.0,,2,24,54.45557153156972,55.0,89.07988165680473,53.92664888915651,63.0
Bengaluru,2026-07-09 17:00:00+00:00,55.0,,2,24,54.09835115534535,55.0,89.07988165680473,54.32293627966714,64.0
Bengaluru,2026-07-09 18:00:00+00:00,56.0,,2,24,54.868749228350815,56.0,89.07988165680473,56.84816124703247,65.0
Bengaluru,2026-07-09 19:00:00+00:00,56.0,,2,24,57.52528693667912,56.0,89.07988165680473,56.535015246694705,65.0
Bengaluru,2026-07-09 20:00:00+00:00,56.0,,2,24,55.76502484630394,56.0,89.07988165680473,56.33748454695058,66.0
Bengaluru,2026-07-09 21:00:00+00:00,56.0,,2,24,54.35561734530695,56.0,89.07988165680473,56.21288331525894,66.0
Bengaluru,2026-07-09 22:00:00+00:00,57.0,,2,24,55.51244518215384,57.0,89.07988165680473,58.409534729325195,66.0
Bengaluru,2026-07-09 23:00:00+00:00,57.0,,2,24,55.27230727488567,57.0,89.07988165680473,57.889126417380176,66.0
Bengaluru,2026-07-10 00:00:00+00:00,58.0,,2,24,56.220402503368845,58.0,89.07988165680473,59.83610499691625,66.0
Bengaluru,2026-07-10 01:00:00+00:00,58.0,,2,24,55.94574844109404,58.0,89.07988165680473,59.158204493920856,65.0
Bengaluru,2026-07-10 02:00:00+00:00,59.0,,2,24,57.1608634748267,59.0,89.07988165680473,61.00583790325242,65.0
Bengaluru,2026-07-10 03:00:00+00:00,59.0,,2,24,57.22696009921738,59.0,89.07988165680473,60.26527103707334,66.0
Bengaluru,2026-07-10 04:00:00+00:00,60.0,,2,24,58.09286112731636,60.0,89.07988165680473,62.07337486417573,66.0
Bengaluru,2026-07-10 05:00:00+00:00,60.0,,2,24,58.53591971327251,60.0,89.07988165680473,61.307872964402364,66.0
Bengaluru,2026-07-10 06:00:00+00:00,60.0,,2,24,57.03292893340383,60.0,89.07988165680473,60.824998759543995,66.0
Bengaluru,2026-07-10 07:00:00+00:00,61.0,,2,24,58.81951490282158,61.0,89.07988165680473,62.7956536384072,66.0
Bengaluru,2026-07-10 08:00:00+00:00,61.0,,2,24,57.6479451203416,61.0,89.07988165680473,62.13268800913974,66.0
Bengaluru,2026-07-10 09:00:00+00:00,61.0,,2,24,57.210237258998596,61.0,89.07988165680473,61.71449309522017,66.0
Bengaluru,2026-07-10 10:00:00+00:00,62.0,,2,24,57.96809805930367,62.0,89.07988165680473,63.72594729958753,66.0
Bengaluru,2026-07-10 11:00:00+00:00,62.0,,2,24,57.28152816395557,62.0,89.07988165680473,63.08871765068457,67.0
Bengaluru,2026-07-10 12:00:00+00:00,62.0,,2,24,58.54559085128142,62.0,89.07988165680473,62.686756845469944,67.0
Bengaluru,2026-07-10 13:00:00+00:00,62.0,,2,24,61.39899733033728,62.0,89.07988165680473,62.43320227655284,68.0
Bengaluru,2026-07-10 14:00:00+00:00,62.0,,2,24,61.99982915874934,62.0,89.07988165680473,62.273261509730084,68.0
Bengaluru,2026-07-10 15:00:00+00:00,63.0,,2,24,63.316768340482646,63.0,89.07988165680473,64.44762094786324,69.0
Bengaluru,2026-07-10 16:00:00+00:00,63.0,,2,24,61.79788638819383,63.0,89.07988165680473,63.91315098544206,69.0
Bengaluru,2026-07-10 17:00:00+00:00,64.0,,2,24,64.17202715267761,64.0,89.07988165680473,65.85125955656315,69.0
Bengaluru,2026-07-10 18:00:00+00:00,65.0,,2,24,66.4510019538241,65.0,89.07988165680473,67.44301305904969,69.0
Bengaluru,2026-07-10 19:00:00+00:00,65.0,,2,24,67.68730345212806,65.0,89.07988165680473,66.54103861622883,69.0
Bengaluru,2026-07-10 20:00:00+00:00,66.0,,2,24,72.31882986575974,66.0,89.07988165680473,68.24732747036765,69.0
Bengaluru,2026-07-10 21:00:00+00:00,66.0,,2,24,72.67641344934333,66.0,89.07988165680473,67.41760127000532,68.0
Bengaluru,2026-07-10 22:00:00+00:00,66.0,,2,24,68.58490406008393,66.0,89.07988165680473,66.89421474494408,68.0
Bengaluru,2026-07-10 23:00:00+00:00,66.0,,2,24,68.15341233009221,66.0,89.07988165680473,66.56406552885811,68.0
Bengaluru,2026-07-11 00:00:00+00:00,66.0,,2,24,67.92740814488238,66.0,89.07988165680473,66.35580929820816,68.0
Bengaluru,2026-07-11 01:00:00+00:00,65.0,,2,24,64.68424129513427,65.0,89.07988165680473,63.94919330729765,68.0
Bengaluru,2026-07-11 02:00:00+00:00,65.0,,2,24,66.70891019924092,65.0,89.07988165680473,64.33715716923923,68.0
Bengaluru,2026-07-11 03:00:00+00:00,66.0,,2,24,74.11340894722497,66.0,89.07988165680473,66.85713170255524,67.0
Bengaluru,2026-07-11 04:00:00+00:00,66.0,,2,24,71.4898719199376,66.0,89.07988165680473,66.54067375855345,67.0
Bengaluru,2026-07-11 05:00:00+00:00,66.0,,2,24,71.22605003091982,66.0,89.07988165680473,66.34105390375464,67.0
Bengaluru,2026-07-11 06:00:00+00:00,66.0,,2,24,68.7942074852486,66.0,89.07988165680473,66.21513484504497,68.0
Delhi,2026-07-08 12:00:00+00:00,63.0,,2,24,52.113011904761905,63.0,89.07988165680473,57.57576577861215,47.0
Delhi,2026-07-08 13:00:00+00:00,62.0,,2,24,49.510261904761904,62.0,89.07988165680473,56.71285625562604,47.0
Delhi,2026-07-08 14:00:00+00:00,61.0,,2,24,45.52396031746031,61.0,89.07988165680473,55.496216783648755,49.0
Delhi,2026-07-08 15:00:00+00:00,61.0,,2,24,44.46418253968254,61.0,89.07988165680473,61.70112163746711,51.0
Delhi,2026-07-08 16:00:00+00:00,60.0,,2,24,43.240404761904756,60.0,89.07988165680473,54.86498117493171,54.0
Delhi,2026-07-08 17:00:00+00:00,59.0,,2,24,44.48094444444445,59.0,89.07988165680473,52.271767038911776,56.0
Delhi,2026-07-08 18:00:00+00:00,57.0,,2,24,41.63392460317459,57.0,89.07988165680473,45.2139474099203,57.0
Delhi,2026-07-08 19:00:00+00:00,56.0,,2,24,43.431497145641885,56.0,89.07988165680473,50.406263621799766,58.0
Delhi,2026-07-08 20:00:00+00:00,54.0,,2,24,41.14883709273183,54.0,89.07988165680473,43.53736132632792,58.0
Delhi,2026-07-08 23:00:00+00:00,51.0,,2,24,44.09220634920635,51.0,89.07988165680473,47.573723438360965,54.0
Delhi,2026-07-09 04:00:00+00:00,49.0,,2,24,44.492269841269845,49.0,89.07988165680473,47.609490516720186,53.0
Delhi,2026-07-09 05:00:00+00:00,49.0,,2,24,44.12498412698413,49.0,89.07988165680473,49.218993427928865,53.0
Delhi,2026-07-09 08:00:00+00:00,48.0,,2,24,44.36698412698413,48.0,89.07988165680473,45.52710332859531,57.0
Delhi,2026-07-09 09:00:00+00:00,48.0,,2,24,50.05440476190476,48.0,89.07988165680473,48.350546496420804,59.0
Delhi,2026-07-09 10:00:00+00:00,48.0,,2,24,50.91107936507937,48.0,89.07988165680473,48.34887514465344,61.0
Delhi,2026-07-09 11:00:00+00:00,47.0,,2,24,49.06966931216931,47.0,89.07988165680473,40.691700064136285,61.0
Delhi,2026-07-09 12:00:00+00:00,47.0,,2,24,53.165373015873016,47.0,89.07988165680473,46.59038940502994,62.0
Delhi,2026-07-09 13:00:00+00:00,47.0,,2,24,53.535873015873015,47.0,89.07988165680473,48.26149828089757,64.0
Delhi,2026-07-09 14:00:00+00:00,49.0,,2,24,53.23594708994709,49.0,89.07988165680473,61.53795270770498,66.0
Delhi,2026-07-09 15:00:00+00:00,51.0,,2,24,55.30330158730159,51.0,89.07988165680473,63.91355995729178,70.0
Delhi,2026-07-09 16:00:00+00:00,54.0,,2,24,56.22878571428571,54.0,89.07988165680473,70.89028490947152,73.0
Delhi,2026-07-09 17:00:00+00:00,56.0,,2,24,57.32238888888889,56.0,89.07988165680473,66.94632678432787,77.0
Delhi,2026-07-09 18:00:00+00:00,57.0,,2,24,51.7625462962963,57.0,89.07988165680473,60.56749868449105,80.0
Delhi,2026-07-09 19:00:00+00:00,58.0,,2,24,47.53237962962963,58.0,89.07988165680473,62.40866559287936,83.0
Delhi,2026-07-09 20:00:00+00:00,58.0,,2,24,48.279702380952386,58.0,89.07988165680473,57.64758700925412,86.0
Delhi,2026-07-09 21:00:00+00:00,57.0,,2,24,47.11075793650794,57.0,89.07988165680473,49.889615296754116,88.0
Delhi,2026-07-09 22:00:00+00:00,56.0,,2,24,45.61178835978836,56.0,89.07988165680473,49.49154272227005,90.0
Delhi,2026-07-09 23:00:00+00:00,54.0,,2,24,43.71505555555556,54.0,89.07988165680473,42.60755467445233,92.0
Delhi,2026-07-10 00:00:00+00:00,52.0,,2,24,40.11254761904762,52.0,89.07988165680473,40.12923040608505,94.0
Delhi,2026-07-10 01:00:00+00:00,51.0,,2,24,39.91545238095238,51.0,89.07988165680473,46.33848640911067,97.0
Delhi,2026-07-10 02:00:00+00:00,51.0,,2,24,38.84646031746031,51.0,89.07988165680473,53.012444314672145,100.0
Delhi,2026-07-10 03:00:00+00:00,52.0,,2,24,40.75042063492063,52.0,89.07988165680473,59.1530846860152,103.0
Delhi,2026-07-10 04:00:00+00:00,53.0,,2,24,43.74290740740741,53.0,89.07988165680473,59.17661249513709,105.0
Delhi,2026-07-10 05:00:00+00:00,53.0,,2,24,45.58560317460318,53.0,89.07988165680473,51.92293035642935,109.0
Delhi,2026-07-10 06:00:00+00:00,53.0,,2,24,49.53379625534424,53.0,89.07988165680473,51.771096411881075,114.0
Delhi,2026-07-10 07:00:00+00:00,55.0,,2,24,59.390026135600436,55.0,89.07988165680473,67.68351007816098,120.0
Delhi,2026-07-10 08:00:00+00:00,57.0,,2,24,69.08844339560652,57.0,89.07988165680473,70.4104746927393,128.0
Delhi,2026-07-10 09:00:00+00:00,59.0,,2,24,64.49967167062097,59.0,89.07988165680473,69.62760778315999,136.0
Delhi,2026-07-10 10:00:00+00:00,61.0,,2,24,71.77718362759674,61.0,89.07988165680473,71.49547362532824,144.0
Delhi,2026-07-10 11:00:00+00:00,61.0,,2,24,71.73920511033515,61.0,89.07988165680473,59.58951492697627,153.0
Delhi,2026-07-10 12:00:00+00:00,62.0,,2,24,76.20406902429929,62.0,89.07988165680473,66.1411099791561,161.0
Delhi,2026-07-10 13:00:00+00:00,64.0,,2,24,76.54017138490164,64.0,89.07988165680473,77.1059026708914,169.0
Delhi,2026-07-10 14:00:00+00:00,66.0,,2,24,74.42838620094503,66.0,89.07988165680473,78.33565621534584,176.0
Delhi,2026-07-10 15:00:00+00:00,70.0,,2,24,79.97870622895621,70.0,89.07988165680473,93.01082749995801,182.0
Delhi,2026-07-10 16:00:00+00:00,73.0,,2,24,81.93433862433862,73.0,89.07988165680473,90.64530531548805,189.0
Delhi,2026-07-10 17:00:00+00:00,77.0,,2,24,87.88611675839927,77.0,89.07988165680473,98.38807185179756,195.0
Delhi,2026-07-10 18:00:00+00:00,80.0,,2,24,85.170345040586,80.0,89.07988165680473,96.59217384938943,202.0
Delhi,2026-07-10 19:00:00+00:00,83.0,,2,24,92.19268518518518,83.0,89.07988165680473,98.48595292118208,210.0
Delhi,2026-07-10 20:00:00+00:00,86.0,,2,24,90.42194312169312,86.0,89.07988165680473,102.4492926928276,215.0
Delhi,2026-07-10 21:00:00+00:00,88.0,,2,24,90.71715238873327,88.0,89.07988165680473,98.43448730372934,219.0
Delhi,2026-07-10 22:00:00+00:00,90.0,,2,24,94.3102876984127,90.0,89.07988165680473,99.88928267635556,221.0
Delhi,2026-07-10 23:00:00+00:00,92.0,,2,24,99.10312566137566,92.0,89.07988165680473,103.09349684432938,223.0
Delhi,2026-07-11 00:00:00+00:00,94.0,,2,24,104.21950584795322,94.0,89.07988165680473,105.1967500193992,225.0
Delhi,2026-07-11 01:00:00+00:00,97.0,,2,24,105.00617745548512,97.0,89.07988165680473,114.18695729533505,225.0
Delhi,2026-07-11 02:00:00+00:00,100.0,,2,24,114.42260052910054,100.0,89.07988165680473,117.51919202821934,225.0
Delhi,2026-07-11 03:00:00+00:00,103.0,,2,24,107.2649258752943,103.0,89.07988165680473,119.32089464279204,227.0
Delhi,2026-07-11 04:00:00+00:00,105.0,,2,24,114.70862520680787,105.0,89.07988165680473,115.02888788100623,230.0
Delhi,2026-07-11 05:00:00+00:00,109.0,,2,24,110.10122222017462,109.0,89.07988165680473,131.37938997923166,234.0
Delhi,2026-07-11 06:00:00+00:00,114.0,,2,24,127.65156049642079,114.0,89.07988165680473,144.57167411132994,240.0
Delhi,2026-07-11 07:00:00+00:00,120.0,,2,24,124.79078998842002,120.0,89.07988165680473,154.67804056486037,245.0
Delhi,2026-07-11 08:00:00+00:00,128.0,,2,24,132.07949232677933,128.0,89.07988165680473,173.86564981412118,250.0
Delhi,2026-07-11 09:00:00+00:00,136.0,,2,24,140.47930906559608,136.0,89.07988165680473,181.75473087512293,255.0
Delhi,2026-07-11 10:00:00+00:00,144.0,,2,24,151.25125818105178,144.0,89.07988165680473,187.5201740985464,262.0
Delhi,2026-07-11 11:00:00+00:00,153.0,,2,24,158.68574993330822,153.0,89.07988165680473,202.78412579267146,269.0
Delhi,2026-07-11 12:00:00+00:00,161.0,,2,24,170.10251810616285,161.0,89.07988165680473,205.35085020086294,277.0
Delhi,2026-07-11 13:00:00+00:00,169.0,,2,24,189.19922835497837,169.0,89.07988165680473,211.74394315044904,285.0
Delhi,2026-07-11 14:00:00+00:00,176.0,,2,24,194.99193386243388,176.0,89.07988165680473,213.6057029750161,292.0
Bengaluru,2026-07-11 15:00:00+00:00,69.0,,3,24,74.62236692132802,69.0,92.13958333333333,70.61893771819952,70.0
Bengaluru,2026-07-11 16:00:00+00:00,69.0,,3,24,74.36602895700476,69.0,92.13958333333333,70.01925042351033,70.0
Bengaluru,2026-07-11 17:00:00+00:00,69.0,,3,24,74.06118504166085,69.0,92.13958333333333,69.41662896681459,70.0
Bengaluru,2026-07-11 18:00:00+00:00,69.0,,3,24,74.20864976763772,69.0,92.13958333333333,69.06098828474607,70.0
Bengaluru,2026-07-11 19:00:00+00:00,69.0,,3,24,73.66027332112814,69.0,92.13958333333333,68.92715521503604,70.0
Bengaluru,2026-07-11 20:00:00+00:00,69.0,,3,24,73.2563725898098,69.0,92.13958333333333,68.91619564771834,71.0
Bengaluru,2026-07-11 21:00:00+00:00,68.0,,3,24,72.3401230600462,68.0,92.13958333333333,66.7945095324716,71.0
Bengaluru,2026-07-11 22:00:00+00:00,68.0,,3,24,72.65819936826956,68.0,92.13958333333333,67.04577575810286,71.0
Bengaluru,2026-07-11 23:00:00+00:00,68.0,,3,24,72.47896881641401,68.0,92.13958333333333,67.51511081453373,72.0
Bengaluru,2026-07-12 00:00:00+00:00,68.0,,3,24,73.12642955236628,68.0,92.13958333333333,67.8580733056223,72.0
Bengaluru,2026-07-12 01:00:00+00:00,68.0,,3,24,73.07861209204881,68.0,92.13958333333333,68.02132230449722,73.0
Bengaluru,2026-07-12 02:00:00+00:00,68.0,,3,24,72.80895700010774,68.0,92.13958333333333,68.06246946001612,73.0
Bengaluru,2026-07-12 03:00:00+00:00,67.0,,3,24,71.86372143985778,67.0,92.13958333333333,65.89654914251027,73.0
Bengaluru,2026-07-12 04:00:00+00:00,67.0,,3,24,71.82641670924392,67.0,92.13958333333333,66.09231734672703,73.0
Bengaluru,2026-07-12 05:00:00+00:00,67.0,,3,24,71.84243963252206,67.0,92.13958333333333,66.5255383264755,73.0
Bengaluru,2026-07-12 06:00:00+00:00,68.0,,3,24,73.15044746573822,68.0,92.13958333333333,69.00597521685039,73.0
Bengaluru,2026-07-12 07:00:00+00:00,68.0,,3,24,74.2065531558583,68.0,92.13958333333333,68.94647373970304,73.0
Bengaluru,2026-07-12 08:00:00+00:00,69.0,,3,24,75.26974704693454,69.0,92.13958333333333,70.69177030140378,73.0
Bengaluru,2026-07-12 09:00:00+00:00,69.0,,3,24,76.27422333438665,69.0,92.13958333333333,70.1253901223701,73.0
Bengaluru,2026-07-12 10:00:00+00:00,70.0,,3,24,80.34823526921109,70.0,92.13958333333333,71.6421008764687,73.0
Bengaluru,2026-07-12 11:00:00+00:00,70.0,,3,24,80.89584126984127,70.0,92.13958333333333,71.02625517720854,72.0
Bengaluru,2026-07-12 12:00:00+00:00,71.0,,3,24,82.96051400560225,71.0,92.13958333333333,72.56861798910018,72.0
Bengaluru,2026-07-12 13:00:00+00:00,71.0,,3,24,83.12251831501833,71.0,92.13958333333333,71.99084201009006,72.0
Bengaluru,2026-07-12 14:00:00+00:00,70.0,,3,24,81.04552391725922,70.0,92.13958333333333,69.25379941678578,73.0
Bengaluru,2026-07-12 15:00:00+00:00,70.0,,3,24,80.44179772678302,70.0,92.13958333333333,69.12798305429244,73.0
Bengaluru,2026-07-12 16:00:00+00:00,70.0,,3,24,80.08701190476191,70.0,92.13958333333333,69.4482005330824,73.0
Bengaluru,2026-07-12 17:00:00+00:00,70.0,,3,24,76.44192073189654,70.0,92.13958333333333,69.77308875649332,74.0
Bengaluru,2026-07-12 18:00:00+00:00,70.0,,3,24,75.0959229748227,70.0,92.13958333333333,69.96576800060444,74.0
Bengaluru,2026-07-12 19:00:00+00:00,70.0,,3,24,74.26597810007145,70.0,92.13958333333333,70.03876554307422,74.0
Bengaluru,2026-07-12 20:00:00+00:00,71.0,,3,24,75.23929777129031,71.0,92.13958333333333,72.19794735714416,73.0
Bengaluru,2026-07-12 21:00:00+00:00,71.0,,3,24,75.21763110462365,71.0,92.13958333333333,71.96124916639832,73.0
Bengaluru,2026-07-12 22:00:00+00:00,71.0,,3,24,75.39215211466394,71.0,92.13958333333333,71.49347909180845,73.0
Bengaluru,2026-07-12 23:00:00+00:00,72.0,,3,24,76.4806884672003,72.0,92.13958333333333,73.30026824071187,73.0
Bengaluru,2026-07-13 00:00:00+00:00,72.0,,3,24,73.89817305673219,72.0,92.13958333333333,72.91372869398685,73.0
Bengaluru,2026-07-13 01:00:00+00:00,73.0,,3,24,74.85587543768457,73.0,92.13958333333333,74.57249378822831,73.0
Bengaluru,2026-07-13 02:00:00+00:00,73.0,,3,24,75.42366535365096,73.0,92.13958333333333,74.02871665643681,73.0
Bengaluru,2026-07-13 03:00:00+00:00,73.0,,3,24,75.1114226930035,73.0,92.13958333333333,73.43929744501548,73.0
Bengaluru,2026-07-13 04:00:00+00:00,73.0,,3,24,74.73079421472796,73.0,92.13958333333333,73.07836941139414,73.0
Bengaluru,2026-07-13 05:00:00+00:00,73.0,,3,24,73.96338123870999,73.0,92.13958333333333,72.93577016591523,73.0
Bengaluru,2026-07-13 06:00:00+00:00,73.0,,3,24,75.90135797203476,73.0,92.13958333333333,72.9185864955542,73.0
Bengaluru,2026-07-13 07:00:00+00:00,73.0,,3,24,75.89255575724204,73.0,92.13958333333333,72.9468201767636,74.0
Bengaluru,2026-07-13 08:00:00+00:00,73.0,,3,24,75.2778715607661,73.0,92.13958333333333,72.97732798068772,73.0
Bengaluru,2026-07-13 09:00:00+00:00,73.0,,3,24,75.49560433289592,73.0,92.13958333333333,72.99598229755493,74.0
Bengaluru,2026-07-13 10:00:00+00:00,73.0,,3,24,75.01811506768085,73.0,92.13958333333333,73.00333896337422,74.0
Bengaluru,2026-07-13 11:00:00+00:00,72.0,,3,24,73.91618977175227,72.0,92.13958333333333,70.851408618779,74.0
Bengaluru,2026-07-13 12:00:00+00:00,72.0,,3,24,74.91970751689746,72.0,92.13958333333333,71.07002240706562,75.0
Bengaluru,2026-07-13 13:00:00+00:00,72.0,,3,24,75.01267441867319,72.0,92.13958333333333,71.51939967115246,75.0
Bengaluru,2026-07-13 14:00:00+00:00,73.0,,3,24,77.05470723679946,73.0,92.13958333333333,74.00730180502255,77.0
Bengaluru,2026-07-13 15:00:00+00:00,73.0,,3,24,76.66803836204235,73.0,92.13958333333333,73.94953735518779,78.0
Bengaluru,2026-07-13 16:00:00+00:00,73.0,,3,24,76.44344098349498,73.0,92.13958333333333,73.54129847813006,79.0
Bengaluru,2026-07-13 17:00:00+00:00,74.0,,3,24,77.26276076778657,74.0,92.13958333333333,75.34662119016315,80.0
Bengaluru,2026-07-13 18:00:00+00:00,74.0,,3,24,77.37173680096261,74.0,92.13958333333333,74.94056675278252,81.0
Bengaluru,2026-07-13 19:00:00+00:00,74.0,,3,24,76.69629283612618,74.0,92.13958333333333,74.42951886129703,81.0
Bengaluru,2026-07-13 20:00:00+00:00,73.0,,3,24,75.24677351417265,73.0,92.13958333333333,71.94377077778786,81.0
Bengaluru,2026-07-13 21:00:00+00:00,73.0,,3,24,74.93873173407519,73.0,92.13958333333333,72.02231933740303,81.0
Bengaluru,2026-07-13 22:00:00+00:00,73.0,,3,24,73.85229286710722,73.0,92.13958333333333,72.44848977376171,81.0
Bengaluru,2026-07-13 23:00:00+00:00,73.0,,3,24,73.87682275132275,73.0,92.13958333333333,72.80565695484918,81.0
Bengaluru,2026-07-14 00:00:00+00:00,73.0,,3,24,83.68098680785445,73.0,92.13958333333333,72.99480997957909,81.0
Bengaluru,2026-07-14 01:00:00+00:00,73.0,,3,24,76.71222887292888,73.0,92.13958333333333,73.05478336817093,81.0
Bengaluru,2026-07-14 02:00:00+00:00,73.0,,3,24,72.91202568504767,73.0,92.13958333333333,73.05058762879233,81.0
Bengaluru,2026-07-14 03:00:00+00:00,73.0,,3,24,73.89834940381256,73.0,92.13958333333333,73.02849631885685,80.0
Bengaluru,2026-07-14 04:00:00+00:00,73.0,,3,24,74.69756743565888,73.0,92.13958333333333,73.01001984318913,80.0
Bengaluru,2026-07-14 05:00:00+00:00,73.0,,3,24,74.38368140745706,73.0,92.13958333333333,73.00024867966597,80.0
Bengaluru,2026-07-14 06:00:00+00:00,73.0,,3,24,75.62446523356817,73.0,92.13958333333333,72.9971585967033,80.0
Bengaluru,2026-07-14 07:00:00+00:00,74.0,,3,24,76.80411474405224,74.0,92.13958333333333,75.15018889958509,79.0
Bengaluru,2026-07-14 08:00:00+00:00,73.0,,3,24,75.56423159698488,73.0,92.13958333333333,72.77844792559685,79.0
Bengaluru,2026-07-14 09:00:00+00:00,74.0,,3,24,78.39486145594601,74.0,92.13958333333333,74.70133351275967,78.0
Delhi,2026-07-11 15:00:00+00:00,182.0,,3,24,290.1930396825397,182.0,92.13958333333333,227.0328692058351,299.0
Delhi,2026-07-11 16:00:00+00:00,189.0,,3,24,297.36182275132273,189.0,92.13958333333333,243.8751588228268,306.0
Delhi,2026-07-11 17:00:00+00:00,195.0,,3,24,299.8046005291005,195.0,92.13958333333333,243.4371979332359,311.0
Delhi,2026-07-11 18:00:00+00:00,202.0,,3,24,290.84606469456475,202.0,92.13958333333333,256.61164182726384,317.0
Delhi,2026-07-11 19:00:00+00:00,210.0,,3,24,309.95923941798947,210.0,92.13958333333333,275.55985588444315,319.0
Delhi,2026-07-11 20:00:00+00:00,215.0,,3,24,287.22737037037035,215.0,92.13958333333333,253.0587468829463,317.0
Delhi,2026-07-11 21:00:00+00:00,219.0,,3,24,267.73507720057717,219.0,92.13958333333333,244.05174357994534,314.0
Delhi,2026-07-11 22:00:00+00:00,221.0,,3,24,277.2651435786436,221.0,92.13958333333333,233.51809798245185,312.0
Delhi,2026-07-11 23:00:00+00:00,223.0,,3,24,278.3929398749399,223.0,92.13958333333333,236.90754158222788,310.0
Delhi,2026-07-12 00:00:00+00:00,225.0,,3,24,298.6843571428571,225.0,92.13958333333333,241.50821472755018,309.0
Delhi,2026-07-12 01:00:00+00:00,225.0,,3,24,271.9423677248677,225.0,92.13958333333333,223.31277634159855,308.0
Delhi,2026-07-12 02:00:00+00:00,225.0,,3,24,304.0695351130351,225.0,92.13958333333333,221.57073383419473,308.0
Delhi,2026-07-12 03:00:00+00:00,227.0,,3,24,308.62642400192397,227.0,92.13958333333333,245.280682900797,307.0
Delhi,2026-07-12 04:00:00+00:00,230.0,,3,24,306.7613631553632,230.0,92.13958333333333,258.6623624914584,303.0
Delhi,2026-07-12 05:00:00+00:00,234.0,,3,24,331.3796785714286,234.0,92.13958333333333,267.5705268113151,297.0
Delhi,2026-07-12 06:00:00+00:00,240.0,,3,24,338.8062671957672,240.0,92.13958333333333,289.9285258004357,288.0
Delhi,2026-07-12 07:00:00+00:00,245.0,,3,24,353.59213227513226,245.0,92.13958333333333,286.22381044440584,278.0
Delhi,2026-07-12 08:00:00+00:00,250.0,,3,24,361.0099973544974,250.0,92.13958333333333,287.172250984662,266.0
Delhi,2026-07-12 09:00:00+00:00,255.0,,3,24,364.2796084656085,255.0,92.13958333333333,294.1150105123143,253.0
Delhi,2026-07-12 10:00:00+00:00,262.0,,3,24,373.2952156084656,262.0,92.13958333333333,319.74716820634916,240.0
Delhi,2026-07-12 11:00:00+00:00,269.0,,3,24,379.09849603174604,269.0,92.13958333333333,327.52086811658376,226.0
Delhi,2026-07-12 12:00:00+00:00,277.0,,3,24,375.91163095238096,277.0,92.13958333333333,340.4935570324764,212.0
Delhi,2026-07-12 13:00:00+00:00,285.0,,3,24,383.8900198412699,285.0,92.13958333333333,349.04026683985137,199.0
Delhi,2026-07-12 14:00:00+00:00,292.0,,3,24,401.6786626984127,292.0,92.13958333333333,346.0624953919737,191.0
Delhi,2026-07-12 15:00:00+00:00,299.0,,3,24,408.6206203703704,299.0,92.13958333333333,352.3740814105185,184.0
Delhi,2026-07-12 16:00:00+00:00,306.0,,3,24,415.06159259259255,306.0,92.13958333333333,361.49327707337244,174.0
Delhi,2026-07-12 17:00:00+00:00,311.0,,3,24,418.69606084656084,311.0,92.13958333333333,348.7483633197456,164.0
Delhi,2026-07-12 18:00:00+00:00,317.0,,3,24,418.1423955026455,317.0,92.13958333333333,362.0114833179644,155.0
Delhi,2026-07-12 19:00:00+00:00,319.0,,3,24,421.7403425925926,319.0,92.13958333333333,332.7299721466917,151.0
Delhi,2026-07-12 20:00:00+00:00,317.0,,3,24,399.17496825396825,317.0,92.13958333333333,291.0084764306116,150.0
Delhi,2026-07-12 21:00:00+00:00,314.0,,3,24,376.21989682539686,314.0,92.13958333333333,283.3791233601711,151.0
Delhi,2026-07-12 22:00:00+00:00,312.0,,3,24,371.50926719576717,312.0,92.13958333333333,297.9381677434798,152.0
Delhi,2026-07-12 23:00:00+00:00,310.0,,3,24,365.41210052910054,310.0,92.13958333333333,297.30686231011805,153.0
Delhi,2026-07-13 00:00:00+00:00,309.0,,3,24,344.5378597883598,309.0,92.13958333333333,301.6997709619232,152.0
Delhi,2026-07-13 01:00:00+00:00,308.0,,3,24,336.8557314814815,308.0,92.13958333333333,301.1097862767111,151.0
Delhi,2026-07-13 02:00:00+00:00,308.0,,3,24,346.52016005291006,308.0,92.13958333333333,308.87941491193135,150.0
Delhi,2026-07-13 03:00:00+00:00,307.0,,3,24,342.49315771864303,307.0,92.13958333333333,299.51047028017615,151.0
Delhi,2026-07-13 04:00:00+00:00,303.0,,3,24,340.41579839713665,303.0,92.13958333333333,266.50952551623175,152.0
Delhi,2026-07-13 05:00:00+00:00,297.0,,3,24,337.4308896103896,297.0,92.13958333333333,242.69380366760578,155.0
Delhi,2026-07-13 06:00:00+00:00,288.0,,3,24,365.187164021164,288.0,92.13958333333333,211.84577531065622,158.0
Delhi,2026-07-13 07:00:00+00:00,278.0,,3,24,350.8845185185185,278.0,92.13958333333333,194.74006355408997,161.0
Delhi,2026-07-13 08:00:00+00:00,266.0,,3,24,336.756052910053,266.0,92.13958333333333,168.85571067750826,163.0
Delhi,2026-07-13 09:00:00+00:00,253.0,,3,24,328.28670767195774,253.0,92.13958333333333,147.12355536640473,165.0
Delhi,2026-07-13 10:00:00+00:00,240.0,,3,24,312.49653908128914,240.0,92.13958333333333,136.43916175545618,166.0
Delhi,2026-07-13 11:00:00+00:00,226.0,,3,24,288.4383974867725,226.0,92.13958333333333,115.29828607140415,168.0
Delhi,2026-07-13 12:00:00+00:00,212.0,,3,24,284.0057751322752,212.0,92.13958333333333,100.16026333834203,168.0
Delhi,2026-07-13 13:00:00+00:00,199.0,,3,24,264.2818029100529,199.0,92.13958333333333,97.61056510767774,168.0
Delhi,2026-07-13 14:00:00+00:00,191.0,,3,24,269.54624591149593,191.0,92.13958333333333,134.99094541388175,166.0
Delhi,2026-07-13 15:00:00+00:00,184.0,,3,24,272.52873809523805,184.0,92.13958333333333,137.6964489630101,162.0
Delhi,2026-07-13 16:00:00+00:00,174.0,,3,24,246.98686712361712,174.0,92.13958333333333,91.97579881235605,161.0
Delhi,2026-07-13 17:00:00+00:00,164.0,,3,24,233.91378306878306,164.0,92.13958333333333,78.37024390899701,161.0
Delhi,2026-07-13 18:00:00+00:00,155.0,,3,24,200.32462433862435,155.0,92.13958333333333,85.9041465086647,160.0
Delhi,2026-07-13 19:00:00+00:00,151.0,,3,24,228.81744973544974,151.0,92.13958333333333,127.63835371049558,158.0
Delhi,2026-07-13 20:00:00+00:00,150.0,,3,24,229.4671044973545,150.0,92.13958333333333,152.88568592888987,157.0
Delhi,2026-07-13 21:00:00+00:00,151.0,,3,24,226.74270767195765,151.0,92.13958333333333,163.91048624529037,155.0
Delhi,2026-07-13 22:00:00+00:00,152.0,,3,24,197.4758015873016,152.0,92.13958333333333,160.8020781166739,153.0
Delhi,2026-07-13 23:00:00+00:00,153.0,,3,24,219.80300601250605,153.0,92.13958333333333,159.80357221147716,152.0
Delhi,2026-07-14 00:00:00+00:00,152.0,,3,24,186.9167023809524,152.0,92.13958333333333,141.89071428809945,152.0
Delhi,2026-07-14 01:00:00+00:00,151.0,,3,24,179.29680952380951,151.0,92.13958333333333,140.081943059835,153.0
Delhi,2026-07-14 02:00:00+00:00,150.0,,3,24,210.99687506012506,150.0,92.13958333333333,142.6643436499067,153.0
Delhi,2026-07-14 03:00:00+00:00,151.0,,3,24,217.60805543530546,151.0,92.13958333333333,161.5692131037376,153.0
Delhi,2026-07-14 04:00:00+00:00,152.0,,3,24,221.79373544973544,152.0,92.13958333333333,163.01754656911936,151.0
Delhi,2026-07-14 05:00:00+00:00,155.0,,3,24,240.512082010582,155.0,92.13958333333333,180.06826750209294,148.0
Delhi,2026-07-14 06:00:00+00:00,158.0,,3,24,253.30277910052908,158.0,92.13958333333333,184.28129030391392,145.0
Delhi,2026-07-14 07:00:00+00:00,161.0,,3,24,253.74833465608464,161.0,92.13958333333333,184.29040230860838,143.0
Delhi,2026-07-14 08:00:00+00:00,163.0,,3,24,251.5114021164021,163.0,92.13958333333333,177.2003992754132,140.0
Delhi,2026-07-14 09:00:00+00:00,165.0,,3,24,248.2521388888889,165.0,92.13958333333333,179.23252801617596,139.0
Bengaluru,2026-07-14 10:00:00+00:00,74.0,,4,24,78.18590859322074,74.0,102.2084690553746,74.51865275443464,78.0
Bengaluru,2026-07-14 11:00:00+00:00,74.0,,4,24,77.25812892734565,74.0,102.2084690553746,74.26500566339215,77.0
Bengaluru,2026-07-14 12:00:00+00:00,75.0,,4,24,77.86529832240005,75.0,102.2084690553746,76.03340932406607,76.0
Bengaluru,2026-07-14 13:00:00+00:00,75.0,,4,24,77.65343018927312,75.0,102.2084690553746,75.80818917093029,74.0
Bengaluru,2026-07-14 14:00:00+00:00,77.0,,4,24,80.20538639832215,77.0,102.2084690553746,79.28872224411857,73.0
Bengaluru,2026-07-14 15:00:00+00:00,78.0,,4,24,80.8358573972725,78.0,102.2084690553746,80.68246202753119,71.0
Bengaluru,2026-07-14 16:00:00+00:00,79.0,,4,24,81.856260506387,79.0,102.2084690553746,81.52162637979356,70.0
Bengaluru,2026-07-14 17:00:00+00:00,80.0,,4,24,80.65723099116491,80.0,102.2084690553746,82.28443329905355,69.0
Bengaluru,2026-07-14 18:00:00+00:00,81.0,,4,24,81.68778542868645,81.0,102.2084690553746,83.14088461623815,68.0
Bengaluru,2026-07-14 19:00:00+00:00,81.0,,4,24,82.0694241306309,81.0,102.2084690553746,82.12559961444188,68.0
Bengaluru,2026-07-14 20:00:00+00:00,81.0,,4,24,82.8428020814278,81.0,102.2084690553746,81.2980138947651,68.0
Bengaluru,2026-07-14 21:00:00+00:00,81.0,,4,24,82.77670246879289,81.0,102.2084690553746,80.9234754739414,68.0
Bengaluru,2026-07-14 22:00:00+00:00,81.0,,4,24,82.31550300770573,81.0,102.2084690553746,80.85636034946077,69.0
Bengaluru,2026-07-14 23:00:00+00:00,81.0,,4,24,80.85000676537027,81.0,102.2084690553746,80.90726329461287,69.0
Bengaluru,2026-07-15 00:00:00+00:00,81.0,,4,24,81.12441001552595,81.0,102.2084690553746,80.96633883234122,69.0
Bengaluru,2026-07-15 01:00:00+00:00,81.0,,4,24,81.24563087135533,81.0,102.2084690553746,80.99907460459984,69.0
Bengaluru,2026-07-15 02:00:00+00:00,81.0,,4,24,80.69350728409367,81.0,102.2084690553746,81.0086284129133,69.0
Bengaluru,2026-07-15 03:00:00+00:00,80.0,,4,24,80.03895138156088,80.0,102.2084690553746,79.03979554696421,69.0
Bengaluru,2026-07-15 04:00:00+00:00,80.0,,4,24,79.7289185069911,80.0,102.2084690553746,79.17380895454264,69.0
Bengaluru,2026-07-15 05:00:00+00:00,80.0,,4,24,80.02616906730078,80.0,102.2084690553746,79.61124779014389,70.0
Bengaluru,2026-07-15 06:00:00+00:00,80.0,,4,24,80.29952487803695,80.0,102.2084690553746,79.92121391848184,70.0
Bengaluru,2026-07-15 07:00:00+00:00,79.0,,4,24,79.12494306330989,79.0,102.2084690553746,78.07828090983803,70.0
Bengaluru,2026-07-15 08:00:00+00:00,79.0,,4,24,79.1308125920084,79.0,102.2084690553746,78.22867367111137,70.0
Bengaluru,2026-07-15 09:00:00+00:00,78.0,,4,24,78.40357735686054,78.0,102.2084690553746,76.67678382148804,71.0
Bengaluru,2026-07-15 10:00:00+00:00,78.0,,4,24,78.14600049868791,78.0,102.2084690553746,77.1025950529066,71.0
Bengaluru,2026-07-15 11:00:00+00:00,77.0,,4,24,77.13085060228427,77.0,102.2084690553746,75.68837973144608,72.0
Bengaluru,2026-07-15 12:00:00+00:00,76.0,,4,24,76.43409648655975,76.0,102.2084690553746,74.17955813361208,72.0
Bengaluru,2026-07-15 13:00:00+00:00,74.0,,4,24,74.26837765599106,74.0,102.2084690553746,70.92355599638489,73.0
Bengaluru,2026-07-15 14:00:00+00:00,73.0,,4,24,74.74719944524743,73.0,102.2084690553746,69.97380044123146,73.0
Bengaluru,2026-07-15 15:00:00+00:00,71.0,,4,24,73.09921308694948,71.0,102.2084690553746,67.45730900094192,74.0
Bengaluru,2026-07-15 16:00:00+00:00,70.0,,4,24,71.99657091825432,70.0,102.2084690553746,66.93907646754225,74.0
Bengaluru,2026-07-15 17:00:00+00:00,69.0,,4,24,71.27995100354406,69.0,102.2084690553746,66.52674460482372,73.0
Bengaluru,2026-07-15 18:00:00+00:00,68.0,,4,24,70.25275555116424,68.0,102.2084690553746,65.85923468998236,73.0
Bengaluru,2026-07-15 19:00:00+00:00,68.0,,4,24,70.18856217115709,68.0,102.2084690553746,66.92701677454527,72.0
Bengaluru,2026-07-15 20:00:00+00:00,68.0,,4,24,70.80341786254417,68.0,102.2084690553746,67.74372024103779,72.0
Bengaluru,2026-07-15 21:00:00+00:00,68.0,,4,24,71.13110538827621,68.0,102.2084690553746,68.09501794935294,72.0
Bengaluru,2026-07-15 22:00:00+00:00,69.0,,4,24,72.43648572358427,69.0,102.2084690553746,70.11402251206731,72.0
Bengaluru,2026-07-15 23:00:00+00:00,69.0,,4,24,72.42174204014717,69.0,102.2084690553746,69.91946339898037,72.0
Bengaluru,2026-07-16 00:00:00+00:00,69.0,,4,24,72.2538652458096,69.0,102.2084690553746,69.42000741105483,72.0
Bengaluru,2026-07-16 01:00:00+00:00,69.0,,4,24,72.27117636342902,69.0,102.2084690553746,69.07765260815331,71.0
Bengaluru,2026-07-16 02:00:00+00:00,69.0,,4,24,72.0872151417662,69.0,102.2084690553746,68.94481439956172,71.0
Bengaluru,2026-07-16 03:00:00+00:00,69.0,,4,24,72.0477492536513,69.0,102.2084690553746,68.93459380870206,71.0
Bengaluru,2026-07-16 04:00:00+00:00,69.0,,4,24,71.97281611077142,69.0,102.2084690553746,68.96343014208011,70.0
Bengaluru,2026-07-16 05:00:00+00:00,70.0,,4,24,72.96509411590468,70.0,102.2084690553746,70.95647472244178,69.0
Bengaluru,2026-07-16 06:00:00+00:00,70.0,,4,24,72.87452629746369,70.0,102.2084690553746,70.83100238848698,68.0
Bengaluru,2026-07-16 07:00:00+00:00,70.0,,4,24,72.781218856847,70.0,102.2084690553746,70.39360893413107,68.0
Bengaluru,2026-07-16 08:00:00+00:00,70.0,,4,24,72.81527866408139,70.0,102.2084690553746,70.08130309322787,67.0
Bengaluru,2026-07-16 09:00:00+00:00,71.0,,4,24,73.73182393967322,71.0,102.2084690553746,71.92236619584816,67.0
Bengaluru,2026-07-16 10:00:00+00:00,71.0,,4,24,74.01207265892278,71.0,102.2084690553746,71.77113988899877,66.0
Bengaluru,2026-07-16 11:00:00+00:00,72.0,,4,24,75.04163318479064,72.0,102.2084690553746,73.32288818575198,65.0
Bengaluru,2026-07-16 12:00:00+00:00,72.0,,4,24,75.00487021002543,72.0,102.2084690553746,72.89719644281078,64.0
Bengaluru,2026-07-16 13:00:00+00:00,73.0,,4,24,76.07496201558382,73.0,102.2084690553746,74.31154598874828,63.0
Bengaluru,2026-07-16 14:00:00+00:00,73.0,,4,24,76.09147424513034,73.0,102.2084690553746,73.85312973809312,62.0
Bengaluru,2026-07-16 15:00:00+00:00,74.0,,4,24,77.17276802128225,74.0,102.2084690553746,75.27972035808915,61.0
Bengaluru,2026-07-16 16:00:00+00:00,74.0,,4,24,77.17513815331701,74.0,102.2084690553746,74.84012363583174,61.0
Bengaluru,2026-07-16 17:00:00+00:00,73.0,,4,24,76.33274939491876,73.0,102.2084690553746,72.34362612271995,61.0
Bengaluru,2026-07-16 18:00:00+00:00,73.0,,4,24,76.3284142343959,73.0,102.2084690553746,72.18370816614885,61.0
Bengaluru,2026-07-16 19:00:00+00:00,72.0,,4,24,75.41967064206393,72.0,102.2084690553746,70.56728291603035,60.0
Bengaluru,2026-07-16 20:00:00+00:00,72.0,,4,24,75.58086492161904,72.0,102.2084690553746,71.02817968528824,60.0
Bengaluru,2026-07-16 21:00:00+00:00,72.0,,4,24,75.580408369605,72.0,102.2084690553746,71.62707751319378,59.0
Bengaluru,2026-07-16 22:00:00+00:00,72.0,,4,24,75.67132002357805,72.0,102.2084690553746,71.97428709365553,59.0
Bengaluru,2026-07-16 23:00:00+00:00,72.0,,4,24,75.9821369852767,72.0,102.2084690553746,72.08331888661594,58.0
Bengaluru,2026-07-17 00:00:00+00:00,72.0,,4,24,75.9210529194475,72.0,102.2084690553746,72.07329137201755,58.0
Bengaluru,2026-07-17 01:00:00+00:00,71.0,,4,24,74.94657217831694,71.0,102.2084690553746,70.06769262310426,57.0
Bengaluru,2026-07-17 02:00:00+00:00,71.0,,4,24,74.44752667930032,71.0,102.2084690553746,70.17796760074872,57.0
Bengaluru,2026-07-17 03:00:00+00:00,71.0,,4,24,74.27720502544074,71.0,102.2084690553746,70.60678926523893,57.0
Bengaluru,2026-07-17 04:00:00+00:00,70.0,,4,24,73.35087226397805,70.0,102.2084690553746,68.9492067986532,57.0
Delhi,2026-07-14 10:00:00+00:00,166.0,,4,24,167.92251267251268,166.0,102.2084690553746,172.79021717387656,138.0
Delhi,2026-07-14 11:00:00+00:00,168.0,,4,24,189.9494400918675,168.0,102.2084690553746,185.99773086305848,137.0
Delhi,2026-07-14 12:00:00+00:00,168.0,,4,24,203.63307770873092,168.0,102.2084690553746,165.17086831218862,136.0
Delhi,2026-07-14 13:00:00+00:00,168.0,,4,24,196.99571452621453,168.0,102.2084690553746,164.52181372956676,136.0
Delhi,2026-07-14 14:00:00+00:00,166.0,,4,24,179.6500663914938,166.0,102.2084690553746,145.28992182764227,138.0
Delhi,2026-07-14 15:00:00+00:00,162.0,,4,24,170.3371894716505,162.0,102.2084690553746,120.95994920394358,141.0
Delhi,2026-07-14 16:00:00+00:00,161.0,,4,24,157.9652947115213,161.0,102.2084690553746,157.93964922158685,145.0
Delhi,2026-07-14 17:00:00+00:00,161.0,,4,24,153.62044192733447,161.0,102.2084690553746,169.6870593005914,148.0
Delhi,2026-07-14 18:00:00+00:00,160.0,,4,24,155.80063115594677,160.0,102.2084690553746,148.6764591104052,151.0
Delhi,2026-07-14 19:00:00+00:00,158.0,,4,24,155.88432637128346,158.0,102.2084690553746,135.380214619839,153.0
Delhi,2026-07-14 20:00:00+00:00,157.0,,4,24,161.03492089455926,157.0,102.2084690553746,150.50365119499742,154.0
Delhi,2026-07-14 21:00:00+00:00,155.0,,4,24,168.35297227383538,155.0,102.2084690553746,138.44238021393605,155.0
Delhi,2026-07-14 22:00:00+00:00,153.0,,4,24,167.94985334184855,153.0,102.2084690553746,133.83104477527485,157.0
Delhi,2026-07-14 23:00:00+00:00,152.0,,4,24,169.5255122595005,152.0,102.2084690553746,146.18262490793683,158.0
Delhi,2026-07-15 00:00:00+00:00,152.0,,4,24,167.03387304700266,152.0,102.2084690553746,156.37414953928555,160.0
Delhi,2026-07-15 01:00:00+00:00,153.0,,4,24,159.77325159061394,153.0,102.2084690553746,164.56307853874145,161.0
Delhi,2026-07-15 02:00:00+00:00,153.0,,4,24,152.5811645847669,153.0,102.2084690553746,151.05228509389568,163.0
Delhi,2026-07-15 03:00:00+00:00,153.0,,4,24,157.91308855023868,153.0,102.2084690553746,150.78181369520124,165.0
Delhi,2026-07-15 04:00:00+00:00,151.0,,4,24,155.78486977931286,151.0,102.2084690553746,129.94261276407676,167.0
Delhi,2026-07-15 05:00:00+00:00,148.0,,4,24,147.25804434157732,148.0,102.2084690553746,117.61194138701391,169.0
Delhi,2026-07-15 06:00:00+00:00,145.0,,4,24,151.6511678214573,145.0,102.2084690553746,119.3603675742644,171.0
Delhi,2026-07-15 07:00:00+00:00,143.0,,4,24,156.9950213530525,143.0,102.2084690553746,129.6249375742442,172.0
Delhi,2026-07-15 08:00:00+00:00,140.0,,4,24,160.3091945632305,140.0,102.2084690553746,113.63207071129368,173.0
Delhi,2026-07-15 09:00:00+00:00,139.0,,4,24,151.4481859947463,139.0,102.2084690553746,132.96742222966975,173.0
Delhi,2026-07-15 10:00:00+00:00,138.0,,4,24,145.5026257768003,138.0,102.2084690553746,133.05921542037674,173.0
Delhi,2026-07-15 11:00:00+00:00,137.0,,4,24,136.83411511173637,137.0,102.2084690553746,127.58662713930492,173.0
Delhi,2026-07-15 12:00:00+00:00,136.0,,4,24,144.36766072171244,136.0,102.2084690553746,126.91986308956947,173.0
Delhi,2026-07-15 13:00:00+00:00,136.0,,4,24,147.21013334117714,136.0,102.2084690553746,138.70762958810005,173.0
Delhi,2026-07-15 14:00:00+00:00,138.0,,4,24,152.52290530876823,138.0,102.2084690553746,161.3460169009214,172.0
Delhi,2026-07-15 15:00:00+00:00,141.0,,4,24,151.40594994795853,141.0,102.2084690553746,170.99413781026786,172.0
Delhi,2026-07-15 16:00:00+00:00,145.0,,4,24,150.9578212502231,145.0,102.2084690553746,181.0782725616489,172.0
Delhi,2026-07-15 17:00:00+00:00,148.0,,4,24,151.68930625393313,148.0,102.2084690553746,171.46254556212972,173.0
Delhi,2026-07-15 18:00:00+00:00,151.0,,4,24,160.82011881203596,151.0,102.2084690553746,174.31429934301119,175.0
Delhi,2026-07-15 19:00:00+00:00,153.0,,4,24,153.1928407012447,153.0,102.2084690553746,168.1454617776224,178.0
Delhi,2026-07-15 20:00:00+00:00,154.0,,4,24,156.9088467905022,154.0,102.2084690553746,158.88632564914533,180.0
Delhi,2026-07-15 21:00:00+00:00,155.0,,4,24,159.49555079009122,155.0,102.2084690553746,162.47787264776966,182.0
Delhi,2026-07-15 22:00:00+00:00,157.0,,4,24,158.69305132314375,157.0,102.2084690553746,177.2132685657805,184.0
Delhi,2026-07-15 23:00:00+00:00,158.0,,4,24,168.32478206665778,158.0,102.2084690553746,165.6205587412602,185.0
Delhi,2026-07-16 00:00:00+00:00,160.0,,4,24,174.99156063808636,160.0,102.2084690553746,176.9283090837063,187.0
Delhi,2026-07-16 01:00:00+00:00,161.0,,4,24,167.3519822583285,161.0,102.2084690553746,169.00581544263397,186.0
Delhi,2026-07-16 02:00:00+00:00,163.0,,4,24,163.04098690049497,163.0,102.2084690553746,180.5797416682937,185.0
Delhi,2026-07-16 03:00:00+00:00,165.0,,4,24,166.99055036469562,165.0,102.2084690553746,183.71787916003774,183.0
Delhi,2026-07-16 04:00:00+00:00,167.0,,4,24,166.36064391928917,167.0,102.2084690553746,183.53320086544943,181.0
Delhi,2026-07-16 05:00:00+00:00,169.0,,4,24,169.8906986142942,169.0,102.2084690553746,185.567052658341,179.0
Delhi,2026-07-16 06:00:00+00:00,171.0,,4,24,169.70400810137573,171.0,102.2084690553746,188.02842854493989,178.0
Delhi,2026-07-16 07:00:00+00:00,172.0,,4,24,179.25791826218045,172.0,102.2084690553746,178.08622098001595,177.0
Delhi,2026-07-16 08:00:00+00:00,173.0,,4,24,178.42816965287798,173.0,102.2084690553746,179.92469087350796,176.0
Delhi,2026-07-16 09:00:00+00:00,173.0,,4,24,177.89311709064532,173.0,102.2084690553746,171.2742898992663,175.0
Delhi,2026-07-16 10:00:00+00:00,173.0,,4,24,181.21852224705978,173.0,102.2084690553746,171.74238399301282,174.0
Delhi,2026-07-16 11:00:00+00:00,173.0,,4,24,172.85657847106455,173.0,102.2084690553746,173.52696667862557,174.0
Delhi,2026-07-16 12:00:00+00:00,173.0,,4,24,172.96412511317658,173.0,102.2084690553746,173.2013771569224,174.0
Delhi,2026-07-16 13:00:00+00:00,173.0,,4,24,173.5191188857439,173.0,102.2084690553746,172.86219648138987,174.0
Delhi,2026-07-16 14:00:00+00:00,172.0,,4,24,170.08747021983865,172.0,102.2084690553746,161.09790331907908,175.0
Delhi,2026-07-16 15:00:00+00:00,172.0,,4,24,167.35795905907992,172.0,102.2084690553746,172.96110815022325,176.0
Delhi,2026-07-16 16:00:00+00:00,172.0,,4,24,167.86165227802726,172.0,102.2084690553746,174.20214203022292,176.0
Delhi,2026-07-16 17:00:00+00:00,173.0,,4,24,176.20759966699967,173.0,102.2084690553746,183.3930996413209,177.0
Delhi,2026-07-16 18:00:00+00:00,175.0,,4,24,172.8875358225108,175.0,102.2084690553746,195.4165114583939,177.0
Delhi,2026-07-16 19:00:00+00:00,178.0,,4,24,176.99709912146676,178.0,102.2084690553746,206.72668840678534,176.0
Delhi,2026-07-16 20:00:00+00:00,180.0,,4,24,176.54502251011516,180.0,102.2084690553746,195.1098481434861,176.0
Delhi,2026-07-16 21:00:00+00:00,182.0,,4,24,177.53862647836914,182.0,102.2084690553746,196.61380407520568,175.0
Delhi,2026-07-16 22:00:00+00:00,184.0,,4,24,178.89349193050958,184.0,102.2084690553746,201.57897188306976,174.0
Delhi,2026-07-16 23:00:00+00:00,185.0,,4,24,188.7585256606683,185.0,102.2084690553746,191.43288737240545,173.0
Delhi,2026-07-17 00:00:00+00:00,187.0,,4,24,189.2738525606202,187.0,102.2084690553746,204.64008839928437,172.0
Delhi,2026-07-17 01:00:00+00:00,186.0,,4,24,195.82387901564667,186.0,102.2084690553746,172.41567662616941,171.0
Delhi,2026-07-17 02:00:00+00:00,185.0,,4,24,191.42873038649805,185.0,102.2084690553746,171.6345802410642,171.0
Delhi,2026-07-17 03:00:00+00:00,183.0,,4,24,188.47260604787368,183.0,102.2084690553746,165.38568499265583,171.0
Delhi,2026-07-17 04:00:00+00:00,181.0,,4,24,188.646881573909,181.0,102.2084690553746,163.42888359761596,170.0
Bengaluru,2026-07-17 05:00:00+00:00,69.0,,5,24,57.15953733970482,69.0,105.0855614973262,66.83724984631736,57.0
Bengaluru,2026-07-17 06:00:00+00:00,68.0,,5,24,56.313409667848106,68.0,105.0855614973262,65.42052771028398,57.0
Bengaluru,2026-07-17 07:00:00+00:00,68.0,,5,24,60.124768357138976,68.0,105.0855614973262,66.61752287941694,57.0
Bengaluru,2026-07-17 08:00:00+00:00,67.0,,5,24,62.292733906149046,67.0,105.0855614973262,65.47947371731266,57.0
Bengaluru,2026-07-17 09:00:00+00:00,67.0,,5,24,66.02002973988532,67.0,105.0855614973262,66.14946054871096,57.0
Bengaluru,2026-07-17 10:00:00+00:00,66.0,,5,24,65.5801000813082,66.0,105.0855614973262,64.56861687996681,57.0
Bengaluru,2026-07-17 11:00:00+00:00,65.0,,5,24,66.12549092552422,65.0,105.0855614973262,62.82701535695751,57.0
Bengaluru,2026-07-17 12:00:00+00:00,64.0,,5,24,64.98325105609418,64.0,105.0855614973262,61.46367280081983,57.0
Bengaluru,2026-07-17 13:00:00+00:00,63.0,,5,24,58.222808979773745,63.0,105.0855614973262,60.407664166698474,57.0
Bengaluru,2026-07-17 14:00:00+00:00,62.0,,5,24,57.90692065771879,62.0,105.0855614973262,59.46551168445926,57.0
Bengaluru,2026-07-17 15:00:00+00:00,61.0,,5,24,59.39060117467955,61.0,105.0855614973262,58.52090160600151,57.0
Bengaluru,2026-07-17 16:00:00+00:00,61.0,,5,24,56.884536030986055,61.0,105.0855614973262,59.786928996016236,57.0
Bengaluru,2026-07-17 17:00:00+00:00,61.0,,5,24,58.31937962332556,61.0,105.0855614973262,60.81384967017418,57.0
Bengaluru,2026-07-17 18:00:00+00:00,61.0,,5,24,58.643817593780945,61.0,105.0855614973262,61.19372113177331,57.0
Bengaluru,2026-07-17 19:00:00+00:00,60.0,,5,24,57.52908144571544,60.0,105.0855614973262,58.94236293206447,58.0
Bengaluru,2026-07-17 20:00:00+00:00,60.0,,5,24,58.96965852128512,60.0,105.0855614973262,59.052248123186146,58.0
Bengaluru,2026-07-17 21:00:00+00:00,59.0,,5,24,57.6187416149198,59.0,105.0855614973262,57.37708663066536,58.0
Bengaluru,2026-07-17 22:00:00+00:00,59.0,,5,24,58.15188255537964,59.0,105.0855614973262,57.961831804519015,58.0
Bengaluru,2026-07-17 23:00:00+00:00,58.0,,5,24,58.48136603204246,58.0,105.0855614973262,56.46479107739961,58.0
Bengaluru,2026-07-18 00:00:00+00:00,58.0,,5,24,58.89642235513481,58.0,105.0855614973262,57.04727848128687,58.0
Bengaluru,2026-07-18 01:00:00+00:00,57.0,,5,24,57.852976225742815,57.0,105.0855614973262,55.501107520415395,59.0
Bengaluru,2026-07-18 02:00:00+00:00,57.0,,5,24,57.97372166821224,57.0,105.0855614973262,56.049853788710564,59.0
Bengaluru,2026-07-18 03:00:00+00:00,57.0,,5,24,58.28532229494414,57.0,105.0855614973262,56.735963547648815,59.0
Bengaluru,2026-07-18 04:00:00+00:00,57.0,,5,24,58.6211270915931,57.0,105.0855614973262,57.06908414915262,59.0
Bengaluru,2026-07-18 05:00:00+00:00,57.0,,5,24,58.89175187131923,57.0,105.0855614973262,57.11878084624785,59.0
Bengaluru,2026-07-18 06:00:00+00:00,57.0,,5,24,58.7913094141897,57.0,105.0855614973262,57.06458924409836,59.0
Bengaluru,2026-07-18 07:00:00+00:00,57.0,,5,24,58.84593784263111,57.0,105.0855614973262,57.01344000978796,60.0
Bengaluru,2026-07-18 08:00:00+00:00,57.0,,5,24,54.85564830060311,57.0,105.0855614973262,56.99215202001779,60.0
Bengaluru,2026-07-18 09:00:00+00:00,57.0,,5,24,57.21996644576493,57.0,105.0855614973262,56.99092595791282,60.0
Bengaluru,2026-07-18 10:00:00+00:00,57.0,,5,24,59.913666300790645,57.0,105.0855614973262,56.9957520375156,61.0
Bengaluru,2026-07-18 11:00:00+00:00,57.0,,5,24,56.77844705298844,57.0,105.0855614973262,56.99945296398845,61.0
Bengaluru,2026-07-18 12:00:00+00:00,57.0,,5,24,57.97099600792442,57.0,105.0855614973262,57.000751657551824,62.0
Bengaluru,2026-07-18 13:00:00+00:00,57.0,,5,24,56.94854589905351,57.0,105.0855614973262,57.000671476228234,62.0
Bengaluru,2026-07-18 14:00:00+00:00,57.0,,5,24,59.43276082398374,57.0,105.0855614973262,57.00026872105094,62.0
Bengaluru,2026-07-18 15:00:00+00:00,57.0,,5,24,60.407303238110266,57.0,105.0855614973262,57.00000858562695,61.0
Bengaluru,2026-07-18 16:00:00+00:00,57.0,,5,24,60.77292178164817,57.0,105.0855614973262,56.999934262624784,61.0
Bengaluru,2026-07-18 17:00:00+00:00,57.0,,5,24,60.45051922956067,57.0,105.0855614973262,56.999951755043234,60.0
Bengaluru,2026-07-18 18:00:00+00:00,57.0,,5,24,63.51591986189841,57.0,105.0855614973262,56.99998382452398,60.0
Bengaluru,2026-07-18 19:00:00+00:00,58.0,,5,24,63.132305215021255,58.0,105.0855614973262,59.24275257350304,60.0
Bengaluru,2026-07-18 20:00:00+00:00,58.0,,5,24,63.02558786126174,58.0,105.0855614973262,59.02544217779665,60.0
Bengaluru,2026-07-18 21:00:00+00:00,58.0,,5,24,59.392643328278325,58.0,105.0855614973262,58.38505149289286,60.0
Bengaluru,2026-07-18 22:00:00+00:00,58.0,,5,24,55.55709815335743,58.0,105.0855614973262,57.99540854442066,60.0
Bengaluru,2026-07-18 23:00:00+00:00,58.0,,5,24,56.60518105554576,58.0,105.0855614973262,57.893995219946085,60.0
Bengaluru,2026-07-19 00:00:00+00:00,58.0,,5,24,56.25411223006705,58.0,105.0855614973262,57.92712442997187,61.0
Bengaluru,2026-07-19 01:00:00+00:00,59.0,,5,24,58.757424834293815,59.0,105.0855614973262,60.2201077784352,61.0
Bengaluru,2026-07-19 02:00:00+00:00,59.0,,5,24,58.47106787769368,59.0,105.0855614973262,60.02906350552626,60.0
Bengaluru,2026-07-19 03:00:00+00:00,59.0,,5,24,58.33918989948462,59.0,105.0855614973262,59.39362829944704,60.0
Bengaluru,2026-07-19 04:00:00+00:00,59.0,,5,24,56.91962608386538,59.0,105.0855614973262,59.00043728778285,60.0
Bengaluru,2026-07-19 05:00:00+00:00,59.0,,5,24,57.307101784244324,59.0,105.0855614973262,58.89522079551282,60.0
Bengaluru,2026-07-19 06:00:00+00:00,59.0,,5,24,57.735470269757464,59.0,105.0855614973262,58.926638656100344,59.0
Bengaluru,2026-07-19 07:00:00+00:00,60.0,,5,24,58.466483746261396,60.0,105.0855614973262,61.21944101874576,59.0
Bengaluru,2026-07-19 08:00:00+00:00,60.0,,5,24,58.780557733841064,60.0,105.0855614973262,61.028727099939964,58.0
Bengaluru,2026-07-19 09:00:00+00:00,60.0,,5,24,60.77587293685556,60.0,105.0855614973262,60.39357114063539,58.0
Bengaluru,2026-07-19 10:00:00+00:00,61.0,,5,24,63.00452311136484,61.0,105.0855614973262,62.243238141127094,57.0
Bengaluru,2026-07-19 11:00:00+00:00,61.0,,5,24,63.39934559464736,61.0,105.0855614973262,61.92070766384017,56.0
Bengaluru,2026-07-19 12:00:00+00:00,62.0,,5,24,65.21697707554817,62.0,105.0855614973262,63.55445950140373,56.0
Bengaluru,2026-07-19 13:00:00+00:00,62.0,,5,24,64.53549105180436,62.0,105.0855614973262,62.99753621990572,55.0
Bengaluru,2026-07-19 14:00:00+00:00,62.0,,5,24,64.9465903247298,62.0,105.0855614973262,62.282329413436045,56.0
Bengaluru,2026-07-19 15:00:00+00:00,61.0,,5,24,63.92686740902219,61.0,105.0855614973262,59.68830085501832,56.0
Bengaluru,2026-07-19 16:00:00+00:00,61.0,,5,24,63.91519639384947,61.0,105.0855614973262,59.850993890210944,56.0
Bengaluru,2026-07-19 17:00:00+00:00,60.0,,5,24,62.755297513024054,60.0,105.0855614973262,58.304227976780275,56.0
Bengaluru,2026-07-19 18:00:00+00:00,60.0,,5,24,62.86417319425927,60.0,105.0855614973262,58.96462865439253,56.0
Bengaluru,2026-07-22 21:00:00+00:00,55.0,,5,24,58.27029582929975,55.0,105.0855614973262,54.967716142763,60.0
Bengaluru,2026-07-22 22:00:00+00:00,55.0,,5,24,58.113720484830544,55.0,105.0855614973262,54.987457120425304,60.0
Bengaluru,2026-07-22 23:00:00+00:00,55.0,,5,24,58.154620776729004,55.0,105.0855614973262,54.9989208015252,60.0
Bengaluru,2026-07-23 00:00:00+00:00,54.0,,5,24,58.05015950520569,54.0,105.0855614973262,52.767406142515114,61.0
Bengaluru,2026-07-23 01:00:00+00:00,54.0,,5,24,57.71432408123074,54.0,105.0855614973262,52.99729243619928,62.0
Delhi,2026-07-17 05:00:00+00:00,179.0,,5,24,178.05373812641596,179.0,105.0855614973262,163.09990892897966,170.0
Delhi,2026-07-17 06:00:00+00:00,178.0,,5,24,179.80968480736422,178.0,105.0855614973262,172.2540826928655,170.0
Delhi,2026-07-17 07:00:00+00:00,177.0,,5,24,178.2366324926943,177.0,105.0855614973262,170.34225289153673,169.0
Delhi,2026-07-17 08:00:00+00:00,176.0,,5,24,179.85255319247122,176.0,105.0855614973262,167.31180384853403,169.0
Delhi,2026-07-17 09:00:00+00:00,175.0,,5,24,177.95545881972947,175.0,105.0855614973262,166.7086892662077,169.0
Delhi,2026-07-17 10:00:00+00:00,174.0,,5,24,169.12018796909084,174.0,105.0855614973262,166.092909207358,170.0
Delhi,2026-07-17 11:00:00+00:00,174.0,,5,24,173.90636210269028,174.0,105.0855614973262,176.24030532755975,170.0
Delhi,2026-07-17 12:00:00+00:00,174.0,,5,24,172.34740683165623,174.0,105.0855614973262,175.42568584100152,169.0
Delhi,2026-07-17 13:00:00+00:00,174.0,,5,24,171.54484062251163,174.0,105.0855614973262,173.38678001884222,169.0
Delhi,2026-07-17 14:00:00+00:00,175.0,,5,24,176.21706267434362,175.0,105.0855614973262,185.03360359636525,169.0
Delhi,2026-07-17 15:00:00+00:00,176.0,,5,24,175.00316746483855,176.0,105.0855614973262,185.67489067324203,169.0
Delhi,2026-07-17 16:00:00+00:00,176.0,,5,24,173.63192564097486,176.0,105.0855614973262,173.21585136755795,168.0
Delhi,2026-07-17 17:00:00+00:00,177.0,,5,24,175.9768843218995,177.0,105.0855614973262,185.52934076338315,168.0
Delhi,2026-07-17 18:00:00+00:00,177.0,,5,24,173.64464752724456,177.0,105.0855614973262,177.01218219326225,168.0
Delhi,2026-07-17 19:00:00+00:00,176.0,,5,24,172.55360696448676,176.0,105.0855614973262,163.9460178151029,168.0
Delhi,2026-07-17 20:00:00+00:00,176.0,,5,24,176.87528302996012,176.0,105.0855614973262,176.9253947382607,167.0
Delhi,2026-07-17 21:00:00+00:00,175.0,,5,24,175.6205625425194,175.0,105.0855614973262,167.15688474947547,167.0
Delhi,2026-07-17 22:00:00+00:00,174.0,,5,24,177.18876841572452,174.0,105.0855614973262,164.0373460651128,168.0
Delhi,2026-07-17 23:00:00+00:00,173.0,,5,24,172.50303286683007,173.0,105.0855614973262,165.08597918835912,168.0
Delhi,2026-07-18 00:00:00+00:00,172.0,,5,24,178.97043381224927,172.0,105.0855614973262,164.3210545471798,169.0
Delhi,2026-07-18 01:00:00+00:00,171.0,,5,24,178.11702498644615,171.0,105.0855614973262,162.86884295058601,170.0
Delhi,2026-07-18 02:00:00+00:00,171.0,,5,24,183.20384376199468,171.0,105.0855614973262,173.13502903765385,171.0
Delhi,2026-07-18 03:00:00+00:00,171.0,,5,24,185.30545018378638,171.0,105.0855614973262,172.48322744650085,171.0
Delhi,2026-07-18 04:00:00+00:00,170.0,,5,24,183.39637123604567,170.0,105.0855614973262,159.13354266186764,171.0
Delhi,2026-07-18 05:00:00+00:00,170.0,,5,24,181.65748555952175,170.0,105.0855614973262,170.49720454707395,171.0
Delhi,2026-07-18 06:00:00+00:00,170.0,,5,24,180.46009717990268,170.0,105.0855614973262,172.22148988288274,171.0
Delhi,2026-07-18 07:00:00+00:00,169.0,,5,24,171.1896815441639,169.0,105.0855614973262,158.40099703446393,170.0
Delhi,2026-07-18 08:00:00+00:00,169.0,,5,24,177.12682612521985,169.0,105.0855614973262,169.31568044374993,169.0
Delhi,2026-07-18 09:00:00+00:00,169.0,,5,24,178.52245656980696,169.0,105.0855614973262,171.18400751644455,168.0
Delhi,2026-07-18 10:00:00+00:00,170.0,,5,24,174.50937908558973,170.0,105.0855614973262,179.98156624617923,167.0
Delhi,2026-07-18 11:00:00+00:00,170.0,,5,24,174.2389862651637,170.0,105.0855614973262,168.82591914648248,166.0
Delhi,2026-07-18 12:00:00+00:00,169.0,,5,24,174.34110313170993,169.0,105.0855614973262,156.76287347555441,165.0
Delhi,2026-07-18 13:00:00+00:00,169.0,,5,24,175.2715937973245,169.0,105.0855614973262,170.19202461742222,165.0
Delhi,2026-07-18 14:00:00+00:00,169.0,,5,24,174.47503385161718,169.0,105.0855614973262,171.4374991476276,164.0
Delhi,2026-07-18 15:00:00+00:00,169.0,,5,24,172.5145477521752,169.0,105.0855614973262,168.50318560363627,162.0
Delhi,2026-07-18 16:00:00+00:00,168.0,,5,24,174.65862882466982,168.0,105.0855614973262,157.27141857592815,159.0
Delhi,2026-07-18 17:00:00+00:00,168.0,,5,24,177.8464535522654,168.0,105.0855614973262,168.89719337277162,157.0
Delhi,2026-07-18 18:00:00+00:00,168.0,,5,24,173.7998884982533,168.0,105.0855614973262,170.15203460449308,154.0
Delhi,2026-07-18 19:00:00+00:00,168.0,,5,24,176.63533318614344,168.0,105.0855614973262,167.59382509349297,150.0
Delhi,2026-07-18 20:00:00+00:00,167.0,,5,24,177.66600779240295,167.0,105.0855614973262,156.32189791767186,148.0
Delhi,2026-07-18 21:00:00+00:00,167.0,,5,24,175.40406809408958,167.0,105.0855614973262,167.8731148917361,145.0
Delhi,2026-07-18 22:00:00+00:00,168.0,,5,24,178.8175506915241,168.0,105.0855614973262,180.4133301500707,143.0
Delhi,2026-07-18 23:00:00+00:00,168.0,,5,24,177.8625666847901,168.0,105.0855614973262,166.8530048671998,141.0
Delhi,2026-07-19 00:00:00+00:00,169.0,,5,24,175.1804434216455,169.0,105.0855614973262,176.79049013002395,139.0
Delhi,2026-07-19 01:00:00+00:00,170.0,,5,24,180.39847941313442,170.0,105.0855614973262,180.0143320731047,138.0
Delhi,2026-07-19 02:00:00+00:00,171.0,,5,24,184.11350076348808,171.0,105.0855614973262,178.91977476811675,136.0
Delhi,2026-07-19 03:00:00+00:00,171.0,,5,24,182.03294883872437,171.0,105.0855614973262,168.39815177259186,134.0
Delhi,2026-07-19 04:00:00+00:00,171.0,,5,24,184.31941477807803,171.0,105.0855614973262,169.60838487734233,133.0
Delhi,2026-07-19 05:00:00+00:00,171.0,,5,24,183.95312371987575,171.0,105.0855614973262,171.68535183481083,132.0
Delhi,2026-07-19 06:00:00+00:00,171.0,,5,24,182.8795198789735,171.0,105.0855614973262,171.22135041494377,131.0
Delhi,2026-07-19 07:00:00+00:00,170.0,,5,24,181.90827102180748,170.0,105.0855614973262,159.56481727391696,131.0
Delhi,2026-07-19 08:00:00+00:00,169.0,,5,24,180.13538025229602,169.0,105.0855614973262,159.44783190383487,130.0
Delhi,2026-07-19 09:00:00+00:00,168.0,,5,24,180.10875047230866,168.0,105.0855614973262,160.5862426001179,129.0
Delhi,2026-07-19 10:00:00+00:00,167.0,,5,24,180.06705067341474,167.0,105.0855614973262,159.1844160393296,127.0
Delhi,2026-07-19 11:00:00+00:00,166.0,,5,24,179.1884342290508,166.0,105.0855614973262,157.77812502920835,124.0
Delhi,2026-07-19 12:00:00+00:00,165.0,,5,24,177.80317126608784,165.0,105.0855614973262,156.90340804135124,121.0
Delhi,2026-07-19 13:00:00+00:00,165.0,,5,24,177.8959239115905,165.0,105.0855614973262,167.24503554447458,118.0
Delhi,2026-07-19 14:00:00+00:00,164.0,,5,24,176.91301607150183,164.0,105.0855614973262,155.1954226492658,115.0
Delhi,2026-07-19 15:00:00+00:00,162.0,,5,24,175.8685337924641,162.0,105.0855614973262,141.58968518327413,113.0
Delhi,2026-07-19 16:00:00+00:00,159.0,,5,24,174.11505829124246,159.0,105.0855614973262,131.51298036175896,111.0
Delhi,2026-07-19 17:00:00+00:00,157.0,,5,24,173.8367390099426,157.0,105.0855614973262,142.631336196561,110.0
Delhi,2026-07-19 18:00:00+00:00,154.0,,5,24,174.74572828631975,154.0,105.0855614973262,129.80549837703254,108.0
Delhi,2026-07-22 21:00:00+00:00,69.0,,5,24,149.84298498964804,69.0,105.0855614973262,66.7276767373029,73.0
Delhi,2026-07-22 22:00:00+00:00,69.0,,5,24,137.734623015873,69.0,105.0855614973262,69.1571366172428,73.0
Delhi,2026-07-22 23:00:00+00:00,69.0,,5,24,129.54647799422798,69.0,105.0855614973262,69.0409565829518,73.0
Delhi,2026-07-23 00:00:00+00:00,68.0,,5,24,126.17543860877686,68.0,105.0855614973262,57.79681920702612,74.0
Delhi,2026-07-23 01:00:00+00:00,68.0,,5,24,112.76180278310156,68.0,105.0855614973262,68.79353175516015,75.0
Bengaluru,2026-07-23 02:00:00+00:00,53.0,,6,24,57.08128237088247,53.0,104.7358276643991,51.26001915194814,62.0
Bengaluru,2026-07-23 03:00:00+00:00,53.0,,6,24,57.12938495686548,53.0,104.7358276643991,51.835138505855724,62.0
Bengaluru,2026-07-23 04:00:00+00:00,53.0,,6,24,56.91022577361929,53.0,104.7358276643991,52.61752767633145,63.0
Bengaluru,2026-07-25 06:00:00+00:00,57.0,,6,24,57.74410536922793,57.0,104.7358276643991,56.37430588424946,50.0
Bengaluru,2026-07-25 07:00:00+00:00,56.0,,6,24,56.63957546732413,56.0,104.7358276643991,54.068636757753254,50.0
Bengaluru,2026-07-25 08:00:00+00:00,56.0,,6,24,56.74214071780196,56.0,104.7358276643991,54.78008118642116,50.0
Bengaluru,2026-07-25 09:00:00+00:00,55.0,,6,24,56.85096227078022,55.0,104.7358276643991,53.27307742970241,50.0
Bengaluru,2026-07-25 10:00:00+00:00,55.0,,6,24,55.38921632220627,55.0,104.7358276643991,53.870463388212244,51.0
Bengaluru,2026-07-25 11:00:00+00:00,55.0,,6,24,55.06440148040792,55.0,104.7358276643991,54.636137395860096,50.0
Bengaluru,2026-07-25 12:00:00+00:00,55.0,,6,24,53.338571658060786,55.0,104.7358276643991,54.983822339783025,51.0
Bengaluru,2026-07-25 13:00:00+00:00,56.0,,6,24,54.18251185671447,56.0,104.7358276643991,57.37593258717598,51.0
Bengaluru,2026-07-25 14:00:00+00:00,55.0,,6,24,54.00263486002926,55.0,104.7358276643991,54.82533929567383,51.0
Bengaluru,2026-07-25 15:00:00+00:00,56.0,,6,24,54.62783712539037,56.0,104.7358276643991,56.645676314035086,50.0
Bengaluru,2026-07-25 16:00:00+00:00,55.0,,6,24,53.39664104605374,55.0,104.7358276643991,54.421235357964264,50.0
Bengaluru,2026-07-25 17:00:00+00:00,55.0,,6,24,53.22692479218065,55.0,104.7358276643991,54.21395359348754,51.0
Bengaluru,2026-07-25 18:00:00+00:00,54.0,,6,24,52.26865370377811,54.0,104.7358276643991,52.315599170815,51.0
Bengaluru,2026-07-25 19:00:00+00:00,54.0,,6,24,52.20155242529366,54.0,104.7358276643991,52.812197733504725,51.0
Bengaluru,2026-07-25 20:00:00+00:00,54.0,,6,24,52.24141483393302,54.0,104.7358276643991,53.594173654691645,51.0
Bengaluru,2026-07-25 21:00:00+00:00,54.0,,6,24,52.188313255411146,54.0,104.7358276643991,53.9692830688506,50.0
Bengaluru,2026-07-25 22:00:00+00:00,54.0,,6,24,52.2839423296503,54.0,104.7358276643991,54.05336614022652,49.0
Bengaluru,2026-07-25 23:00:00+00:00,53.0,,6,24,51.4631593319721,53.0,104.7358276643991,51.71562102864407,49.0
Bengaluru,2026-07-26 00:00:00+00:00,53.0,,6,24,51.51892655431962,53.0,104.7358276643991,51.900895070760754,49.0
Bengaluru,2026-07-26 01:00:00+00:00,52.0,,6,24,50.822352867427774,52.0,104.7358276643991,50.254766942682366,49.0
Bengaluru,2026-07-26 02:00:00+00:00,51.0,,6,24,49.79618877474941,51.0,104.7358276643991,48.51002565600828,50.0
Bengaluru,2026-07-26 03:00:00+00:00,51.0,,6,24,49.45535805337774,51.0,104.7358276643991,49.5046725975956,50.0
Bengaluru,2026-07-26 04:00:00+00:00,51.0,,6,24,49.88237696368341,51.0,104.7358276643991,50.554236151548494,50.0
Bengaluru,2026-07-26 05:00:00+00:00,50.0,,6,24,50.20109795477699,50.0,104.7358276643991,48.67849777344253,51.0
Bengaluru,2026-07-26 06:00:00+00:00,50.0,,6,24,49.43231989463956,50.0,104.7358276643991,48.966918642060456,51.0
Bengaluru,2026-07-26 07:00:00+00:00,50.0,,6,24,49.35803012458584,50.0,104.7358276643991,49.62174093704567,51.0
Bengaluru,2026-07-26 08:00:00+00:00,50.0,,6,24,49.39271204864654,50.0,104.7358276643991,49.95831865229538,51.0
Bengaluru,2026-07-26 09:00:00+00:00,50.0,,6,24,48.408104070292836,50.0,104.7358276643991,50.042019525593446,50.0
Bengaluru,2026-07-26 10:00:00+00:00,51.0,,6,24,49.31386327830734,51.0,104.7358276643991,52.353575679161615,50.0
Bengaluru,2026-07-26 11:00:00+00:00,50.0,,6,24,48.34257417066005,50.0,104.7358276643991,49.801862471050384,50.0
Bengaluru,2026-07-26 12:00:00+00:00,51.0,,6,24,48.91734270378098,51.0,104.7358276643991,51.63572690536501,49.0
Bengaluru,2026-07-26 13:00:00+00:00,51.0,,6,24,48.87404457670486,51.0,104.7358276643991,51.740855069864736,49.0
Bengaluru,2026-07-26 16:00:00+00:00,50.0,,6,24,48.39701103923994,50.0,104.7358276643991,48.86784066044185,49.0
Bengaluru,2026-07-26 17:00:00+00:00,51.0,,6,24,49.24424060043464,51.0,104.7358276643991,51.8734611023627,48.0
Bengaluru,2026-07-26 18:00:00+00:00,51.0,,6,24,49.230922353835155,51.0,104.7358276643991,52.04615937541985,48.0
Bengaluru,2026-07-26 19:00:00+00:00,51.0,,6,24,49.22058153191983,51.0,104.7358276643991,51.4649778464775,48.0
Bengaluru,2026-07-26 20:00:00+00:00,51.0,,6,24,49.68046200713048,51.0,104.7358276643991,51.09068248475991,49.0
Bengaluru,2026-07-26 21:00:00+00:00,50.0,,6,24,50.028333089958416,50.0,104.7358276643991,48.65031726070613,49.0
Bengaluru,2026-07-26 22:00:00+00:00,49.0,,6,24,50.351031503830285,49.0,104.7358276643991,46.53431290486157,49.0
Bengaluru,2026-07-27 00:00:00+00:00,49.0,,6,24,53.298137343099604,49.0,104.7358276643991,48.51720215955028,50.0
Bengaluru,2026-07-27 02:00:00+00:00,50.0,,6,24,50.920364325193866,50.0,104.7358276643991,51.399206241754015,50.0
Bengaluru,2026-07-27 03:00:00+00:00,50.0,,6,24,49.83298276717573,50.0,104.7358276643991,51.15980016390573,50.0
Bengaluru,2026-07-27 04:00:00+00:00,50.0,,6,24,50.27374951739076,50.0,104.7358276643991,50.43953357229322,49.0
Bengaluru,2026-07-27 05:00:00+00:00,51.0,,6,24,51.95177506515154,51.0,104.7358276643991,52.37696330338018,49.0
Bengaluru,2026-07-27 06:00:00+00:00,51.0,,6,24,53.20810285665229,51.0,104.7358276643991,52.06699278775517,50.0
Bengaluru,2026-07-27 07:00:00+00:00,51.0,,6,24,53.39347478609705,51.0,104.7358276643991,51.38854576713411,50.0
Bengaluru,2026-07-27 08:00:00+00:00,51.0,,6,24,53.314728197708405,51.0,104.7358276643991,51.04178945186353,51.0
Bengaluru,2026-07-27 09:00:00+00:00,50.0,,6,24,52.0462239312532,50.0,104.7358276643991,48.63486359383369,51.0
Bengaluru,2026-07-27 10:00:00+00:00,50.0,,6,24,49.047294593356746,50.0,104.7358276643991,48.85515626671779,50.0
Bengaluru,2026-07-27 11:00:00+00:00,50.0,,6,24,49.208647828064514,50.0,104.7358276643991,49.563309418080166,50.0
Bengaluru,2026-07-27 12:00:00+00:00,49.0,,6,24,51.221087393102394,49.0,104.7358276643991,47.62208219258984,50.0
Bengaluru,2026-07-27 13:00:00+00:00,49.0,,6,24,51.20319698997223,49.0,104.7358276643991,47.93194132075933,50.0
Bengaluru,2026-07-27 16:00:00+00:00,49.0,,6,24,51.23295406816273,49.0,104.7358276643991,49.121632635565675,50.0
Bengaluru,2026-07-27 17:00:00+00:00,48.0,,6,24,50.612603320906544,48.0,104.7358276643991,46.84692898363095,50.0
Bengaluru,2026-07-27 18:00:00+00:00,48.0,,6,24,49.73781460028472,48.0,104.7358276643991,46.96934624085031,50.0
Bengaluru,2026-07-27 19:00:00+00:00,48.0,,6,24,46.23357574445227,48.0,104.7358276643991,47.59431876085698,50.0
Bengaluru,2026-07-27 20:00:00+00:00,49.0,,6,24,46.61723644929768,49.0,104.7358276643991,50.26108283899721,50.0
Bengaluru,2026-07-27 21:00:00+00:00,49.0,,6,24,46.712205956804596,49.0,104.7358276643991,50.14696222032884,51.0
Bengaluru,2026-07-28 07:00:00+00:00,50.0,,6,24,42.95717199257034,50.0,104.7358276643991,51.05667469208017,59.0
Bengaluru,2026-07-28 10:00:00+00:00,50.0,,6,24,43.938988735759125,50.0,104.7358276643991,49.07450084480375,67.0
Bengaluru,2026-07-28 11:00:00+00:00,50.0,,6,24,44.23230514571937,50.0,104.7358276643991,48.9106888740813,67.0
Bengaluru,2026-07-28 12:00:00+00:00,50.0,,6,24,43.59830791117207,50.0,104.7358276643991,49.51866507077607,67.0
Bengaluru,2026-07-28 13:00:00+00:00,50.0,,6,24,43.829687556768526,50.0,104.7358276643991,49.90724680931691,67.0
Bengaluru,2026-07-28 14:00:00+00:00,50.0,,6,24,43.81646582412359,50.0,104.7358276643991,50.029973581974815,67.0
Delhi,2026-07-23 02:00:00+00:00,68.0,,6,24,70.85206720197722,68.0,104.7358276643991,69.76367624911073,75.0
Delhi,2026-07-23 03:00:00+00:00,68.0,,6,24,75.89438518018058,68.0,104.7358276643991,67.89471781360551,76.0
Delhi,2026-07-23 04:00:00+00:00,69.0,,6,24,80.95788079123174,69.0,104.7358276643991,78.49573916477648,76.0
Delhi,2026-07-25 06:00:00+00:00,70.0,,6,24,104.83287970085472,70.0,104.7358276643991,68.42421895733484,82.0
Delhi,2026-07-25 07:00:00+00:00,71.0,,6,24,111.03401398658536,71.0,104.7358276643991,79.4383624298249,83.0
Delhi,2026-07-25 08:00:00+00:00,73.0,,6,24,115.91534392945988,73.0,104.7358276643991,90.91307192634801,83.0
Delhi,2026-07-25 09:00:00+00:00,74.0,,6,24,121.7121565024495,74.0,104.7358276643991,81.41239130313065,84.0
Delhi,2026-07-25 10:00:00+00:00,74.0,,6,24,125.85917837072154,74.0,104.7358276643991,70.37955400955582,84.0
Delhi,2026-07-25 11:00:00+00:00,75.0,,6,24,141.5042763347763,75.0,104.7358276643991,83.51140894125666,85.0
Delhi,2026-07-25 12:00:00+00:00,76.0,,6,24,99.75512268176472,76.0,104.7358276643991,86.03804013371044,86.0
Delhi,2026-07-25 13:00:00+00:00,76.0,,6,24,122.00693884334746,76.0,104.7358276643991,74.01492608805796,87.0
Delhi,2026-07-25 14:00:00+00:00,75.0,,6,24,136.15201851851853,75.0,104.7358276643991,63.39179590448683,89.0
Delhi,2026-07-25 15:00:00+00:00,75.0,,6,24,136.8665277777778,75.0,104.7358276643991,75.82138822579552,91.0
Delhi,2026-07-25 16:00:00+00:00,76.0,,6,24,140.28629304954308,76.0,104.7358276643991,87.90480931542344,94.0
Delhi,2026-07-25 17:00:00+00:00,76.0,,6,24,145.63629856970422,76.0,104.7358276643991,75.38593389614573,96.0
Delhi,2026-07-25 18:00:00+00:00,76.0,,6,24,146.23787246132983,76.0,104.7358276643991,73.8530096657872,99.0
Delhi,2026-07-25 19:00:00+00:00,77.0,,6,24,140.85100204425208,77.0,104.7358276643991,86.9478808079329,100.0
Delhi,2026-07-25 20:00:00+00:00,78.0,,6,24,140.10873412698413,78.0,104.7358276643991,87.75766866921352,101.0
Delhi,2026-07-25 21:00:00+00:00,79.0,,6,24,141.8823412698413,79.0,104.7358276643991,86.57173765839208,103.0
Delhi,2026-07-25 22:00:00+00:00,80.0,,6,24,143.29158333333334,80.0,104.7358276643991,87.62965522682403,104.0
Delhi,2026-07-25 23:00:00+00:00,80.0,,6,24,142.43648917748916,80.0,104.7358276643991,78.21076356122138,105.0
Delhi,2026-07-26 00:00:00+00:00,81.0,,6,24,136.80629422429428,81.0,104.7358276643991,89.45273444215798,106.0
Delhi,2026-07-26 01:00:00+00:00,81.0,,6,24,137.57414458462267,81.0,104.7358276643991,80.895323355503,108.0
Delhi,2026-07-26 02:00:00+00:00,81.0,,6,24,128.70932553420985,81.0,104.7358276643991,79.4720159872878,110.0
Delhi,2026-07-26 03:00:00+00:00,81.0,,6,24,126.27940179800707,81.0,104.7358276643991,81.03536839400414,111.0
Delhi,2026-07-26 04:00:00+00:00,81.0,,6,24,129.13215883362648,81.0,104.7358276643991,81.2760337684717,111.0
Delhi,2026-07-26 05:00:00+00:00,82.0,,6,24,114.72278209722438,82.0,104.7358276643991,91.80433962069303,111.0
Delhi,2026-07-26 06:00:00+00:00,82.0,,6,24,137.34421154816215,82.0,104.7358276643991,81.50717806639803,111.0
Delhi,2026-07-26 07:00:00+00:00,83.0,,6,24,141.38908339001426,83.0,104.7358276643991,91.04538952859706,111.0
Delhi,2026-07-26 08:00:00+00:00,83.0,,6,24,142.3040506854257,83.0,104.7358276643991,82.66518110117121,110.0
Delhi,2026-07-26 09:00:00+00:00,84.0,,6,24,146.61805221285806,84.0,104.7358276643991,92.36188649695062,111.0
Delhi,2026-07-26 10:00:00+00:00,84.0,,6,24,146.71311823017408,84.0,104.7358276643991,83.63319448843751,111.0
Delhi,2026-07-26 11:00:00+00:00,85.0,,6,24,145.99781308560722,85.0,104.7358276643991,93.30497580925793,111.0
Delhi,2026-07-26 12:00:00+00:00,86.0,,6,24,137.9604346453313,86.0,104.7358276643991,95.4532992654077,110.0
Delhi,2026-07-26 13:00:00+00:00,87.0,,6,24,125.44420959269563,87.0,104.7358276643991,94.87221438246748,109.0
Delhi,2026-07-26 14:00:00+00:00,89.0,,6,24,128.13855843211098,89.0,104.7358276643991,106.49519095502177,108.0
Delhi,2026-07-26 15:00:00+00:00,91.0,,6,24,129.89748521828773,91.0,104.7358276643991,108.34027441394706,107.0
Delhi,2026-07-26 16:00:00+00:00,94.0,,6,24,118.58439230663504,94.0,104.7358276643991,119.41483882764797,105.0
Delhi,2026-07-26 17:00:00+00:00,96.0,,6,24,112.02302469773593,96.0,104.7358276643991,111.20487235695053,104.0
Delhi,2026-07-26 18:00:00+00:00,99.0,,6,24,121.48652843648063,99.0,104.7358276643991,123.00512966231025,103.0
Delhi,2026-07-26 19:00:00+00:00,100.0,,6,24,118.00754059854708,100.0,104.7358276643991,105.79262311278666,101.0
Delhi,2026-07-26 20:00:00+00:00,101.0,,6,24,120.55687243867243,101.0,104.7358276643991,106.07140554022503,100.0
Delhi,2026-07-26 21:00:00+00:00,103.0,,6,24,125.79891578601492,103.0,104.7358276643991,121.18753212348452,97.0
Delhi,2026-07-26 22:00:00+00:00,104.0,,6,24,123.62532694746498,104.0,104.7358276643991,112.02579215432016,94.0
Delhi,2026-07-26 23:00:00+00:00,105.0,,6,24,135.81548630631275,105.0,104.7358276643991,111.09979988979347,91.0
Delhi,2026-07-27 00:00:00+00:00,106.0,,6,24,110.19454393272241,106.0,104.7358276643991,113.95878328212441,88.0
Delhi,2026-07-27 01:00:00+00:00,108.0,,6,24,113.80727924816986,108.0,104.7358276643991,126.10091200567761,85.0
Delhi,2026-07-27 02:00:00+00:00,110.0,,6,24,116.95982465238613,110.0,104.7358276643991,127.31809994417061,83.0
Delhi,2026-07-27 03:00:00+00:00,111.0,,6,24,119.63996833185834,111.0,104.7358276643991,116.67808897510453,81.0
Delhi,2026-07-27 04:00:00+00:00,111.0,,6,24,117.20431466948726,111.0,104.7358276643991,107.4686225737113,79.0
Delhi,2026-07-27 05:00:00+00:00,111.0,,6,24,119.55750638637082,111.0,104.7358276643991,110.01080412424027,78.0
Delhi,2026-07-27 06:00:00+00:00,111.0,,6,24,121.29562018429343,111.0,104.7358276643991,111.64946840456871,77.0
Delhi,2026-07-27 07:00:00+00:00,111.0,,6,24,124.4994329911497,111.0,104.7358276643991,111.1719621909747,75.0
Delhi,2026-07-27 08:00:00+00:00,110.0,,6,24,120.30757785385607,110.0,104.7358276643991,100.0669547431999,74.0
Delhi,2026-07-27 09:00:00+00:00,111.0,,6,24,120.85937977131967,111.0,104.7358276643991,121.22686938973051,71.0
Delhi,2026-07-27 10:00:00+00:00,111.0,,6,24,117.45831035981739,111.0,104.7358276643991,112.34946864599652,68.0
Delhi,2026-07-27 11:00:00+00:00,111.0,,6,24,119.43272197073547,111.0,104.7358276643991,109.13543467526718,65.0
Delhi,2026-07-27 12:00:00+00:00,110.0,,6,24,115.88865053756814,110.0,104.7358276643991,99.96222511494847,64.0
Delhi,2026-07-27 13:00:00+00:00,109.0,,6,24,113.27665789981702,109.0,104.7358276643991,99.96899326538251,63.0
Delhi,2026-07-27 14:00:00+00:00,108.0,,6,24,112.7636930925758,108.0,104.7358276643991,100.43670961056318,63.0
Delhi,2026-07-27 15:00:00+00:00,107.0,,6,24,115.30247829642572,107.0,104.7358276643991,99.23879992005554,62.0
Delhi,2026-07-27 16:00:00+00:00,105.0,,6,24,112.88896290102849,105.0,104.7358276643991,87.1617103169969,62.0
Delhi,2026-07-27 17:00:00+00:00,104.0,,6,24,115.27177543557606,104.0,104.7358276643991,96.4570390540643,62.0
Delhi,2026-07-27 18:00:00+00:00,103.0,,6,24,120.56346490172147,103.0,104.7358276643991,96.83182926750197,62.0
Delhi,2026-07-27 19:00:00+00:00,101.0,,6,24,119.04825102240079,101.0,104.7358276643991,83.14090092077421,63.0
Delhi,2026-07-27 20:00:00+00:00,100.0,,6,24,115.89172802546324,100.0,104.7358276643991,92.16908193652007,64.0
Delhi,2026-07-27 21:00:00+00:00,97.0,,6,24,118.80851924857868,97.0,104.7358276643991,71.21127780197905,65.0
Bengaluru,2026-07-28 15:00:00+00:00,50.0,,7,24,58.81329530507302,50.0,99.88673765730881,50.02660324752359,67.0
Bengaluru,2026-07-28 16:00:00+00:00,50.0,,7,24,57.556627561951835,50.0,99.88673765730881,50.01266662639409,67.0
Bengaluru,2026-07-28 17:00:00+00:00,50.0,,7,24,54.00563457650726,50.0,99.88673765730881,50.002981525300804,67.0
Bengaluru,2026-07-28 18:00:00+00:00,50.0,,7,24,48.53032545084493,50.0,99.88673765730881,49.9996384827939,68.0
Bengaluru,2026-07-28 20:00:00+00:00,50.0,,7,24,47.18737256777119,50.0,99.88673765730881,49.99964756938944,68.0
Bengaluru,2026-07-28 21:00:00+00:00,51.0,,7,24,47.14430521770044,51.0,99.88673765730881,52.17337654016828,68.0
Bengaluru,2026-08-03 20:00:00+00:00,55.0,,7,24,55.70258963474515,55.0,99.88673765730881,56.08420973637999,48.0
Bengaluru,2026-08-04 08:00:00+00:00,55.0,,7,24,59.08844269946816,55.0,99.88673765730881,53.944149408228576,47.0
Bengaluru,2026-08-04 10:00:00+00:00,53.0,,7,24,54.66031879708775,53.0,99.88673765730881,50.73684663233491,49.0
Bengaluru,2026-08-04 12:00:00+00:00,52.0,,7,24,50.94322944350922,52.0,99.88673765730881,50.46229192093523,51.0
Bengaluru,2026-08-07 02:00:00+00:00,55.0,,7,24,56.37838102001475,55.0,99.88673765730881,54.7940735894801,49.0
Bengaluru,2026-08-07 06:00:00+00:00,56.0,,7,24,60.30989366451788,56.0,99.88673765730881,56.68839908471108,49.0
Bengaluru,2026-08-07 07:00:00+00:00,55.0,,7,24,60.71214610366087,55.0,99.88673765730881,54.23929658654976,49.0
Bengaluru,2026-08-07 08:00:00+00:00,55.0,,7,24,62.472763098937726,55.0,99.88673765730881,54.0914479007554,49.0
Bengaluru,2026-08-07 09:00:00+00:00,55.0,,7,24,65.24243506185127,55.0,99.88673765730881,54.59898295272576,49.0
Bengaluru,2026-08-07 11:00:00+00:00,54.0,,7,24,65.93387597784591,54.0,99.88673765730881,52.916260313226076,50.0
Bengaluru,2026-08-07 12:00:00+00:00,54.0,,7,24,69.52305832885695,54.0,99.88673765730881,53.31301755640672,51.0
Bengaluru,2026-08-07 15:00:00+00:00,52.0,,7,24,57.04603230859503,52.0,99.88673765730881,50.333756799022815,52.0
Bengaluru,2026-08-07 16:00:00+00:00,52.0,,7,24,55.9383330349444,52.0,99.88673765730881,51.016361917889846,53.0
Bengaluru,2026-08-07 17:00:00+00:00,51.0,,7,24,57.820194839106264,51.0,99.88673765730881,49.5010338001915,53.0
Bengaluru,2026-08-07 18:00:00+00:00,51.0,,7,24,63.5582407465874,51.0,99.88673765730881,49.9440550058564,53.0
Bengaluru,2026-08-09 19:00:00+00:00,52.0,,7,24,55.34332167506743,52.0,99.88673765730881,51.885302206065866,59.0
Bengaluru,2026-08-09 20:00:00+00:00,52.0,,7,24,58.34396820377638,52.0,99.88673765730881,51.94582517113641,59.0
Bengaluru,2026-08-09 21:00:00+00:00,52.0,,7,24,53.09986891759369,52.0,99.88673765730881,51.98741711384527,60.0
Bengaluru,2026-08-09 22:00:00+00:00,52.0,,7,24,51.85769383263293,52.0,99.88673765730881,52.00057229768141,61.0
Bengaluru,2026-08-09 23:00:00+00:00,52.0,,7,24,52.258036510128214,52.0,99.88673765730881,52.00235926538787,61.0
Bengaluru,2026-08-10 00:00:00+00:00,52.0,,7,24,53.692692705654586,52.0,99.88673765730881,52.00128254373685,62.0
Bengaluru,2026-08-10 01:00:00+00:00,52.0,,7,24,51.66377449413001,52.0,99.88673765730881,52.0003573972466,62.0
Bengaluru,2026-08-10 02:00:00+00:00,53.0,,7,24,53.89722161506203,53.0,99.88673765730881,54.17346806170628,62.0
Bengaluru,2026-08-10 03:00:00+00:00,53.0,,7,24,55.235581194662956,53.0,99.88673765730881,54.04041002288871,62.0
Bengaluru,2026-08-10 04:00:00+00:00,53.0,,7,24,52.79945939498816,53.0,99.88673765730881,53.412856808474395,63.0
Bengaluru,2026-08-10 05:00:00+00:00,54.0,,7,24,56.29348870207972,54.0,99.88673765730881,55.241872986273975,63.0
Bengaluru,2026-08-10 06:00:00+00:00,54.0,,7,24,54.60214362693976,54.0,99.88673765730881,55.01188729437363,64.0
Bengaluru,2026-08-10 07:00:00+00:00,54.0,,7,24,53.43701402084033,54.0,99.88673765730881,54.38484048100632,64.0
Bengaluru,2026-08-10 08:00:00+00:00,54.0,,7,24,54.22369293541964,54.0,99.88673765730881,54.05677950755021,65.0
Bengaluru,2026-08-10 09:00:00+00:00,54.0,,7,24,54.348934831838434,54.0,99.88673765730881,53.96927102114005,65.0
Bengaluru,2026-08-10 10:00:00+00:00,54.0,,7,24,53.800888529013136,54.0,99.88673765730881,53.972625148866975,66.0
Bengaluru,2026-08-10 11:00:00+00:00,54.0,,7,24,53.322585532562876,54.0,99.88673765730881,53.98911269815842,66.0
Bengaluru,2026-08-10 12:00:00+00:00,55.0,,7,24,56.856466763011625,55.0,99.88673765730881,56.17165099098463,66.0
Bengaluru,2026-08-10 13:00:00+00:00,56.0,,7,24,59.03371720177274,56.0,99.88673765730881,58.21468891410415,67.0
Bengaluru,2026-08-10 14:00:00+00:00,56.0,,7,24,58.215445145346386,56.0,99.88673765730881,57.45410959484065,68.0
Bengaluru,2026-08-10 15:00:00+00:00,57.0,,7,24,59.69652697516675,57.0,99.88673765730881,58.65508734548168,68.0
Bengaluru,2026-08-10 16:00:00+00:00,57.0,,7,24,59.195537207559646,57.0,99.88673765730881,58.08036401119562,68.0
Bengaluru,2026-08-10 17:00:00+00:00,58.0,,7,24,58.72469510484412,58.0,99.88673765730881,59.52969799325559,68.0
Bengaluru,2026-08-10 18:00:00+00:00,58.0,,7,24,57.187744758137875,58.0,99.88673765730881,59.069177497075735,68.0
Bengaluru,2026-08-17 22:00:00+00:00,69.0,,7,24,64.31313008194576,69.0,99.88673765730881,68.84247926098163,86.0
Bengaluru,2026-08-17 23:00:00+00:00,69.0,,7,24,66.61199110025919,69.0,99.88673765730881,68.92706611882198,86.0
Bengaluru,2026-08-18 00:00:00+00:00,69.0,,7,24,67.08120064474666,69.0,99.88673765730881,68.98324571842734,86.0
Bengaluru,2026-08-18 01:00:00+00:00,69.0,,7,24,65.61364978967794,69.0,99.88673765730881,69.00076797082704,86.0
Bengaluru,2026-08-18 02:00:00+00:00,70.0,,7,24,70.51725855668364,70.0,99.88673765730881,71.17539537218232,86.0
Bengaluru,2026-08-18 03:00:00+00:00,70.0,,7,24,71.53150672990466,70.0,99.88673765730881,71.04101873649013,86.0
Bengaluru,2026-08-18 04:00:00+00:00,70.0,,7,24,72.27432805285682,70.0,99.88673765730881,70.41286770017037,86.0
Bengaluru,2026-08-18 05:00:00+00:00,70.0,,7,24,72.2334580042645,70.0,99.88673765730881,70.06832550112955,86.0
Bengaluru,2026-08-18 06:00:00+00:00,70.0,,7,24,71.04398331693564,70.0,99.88673765730881,69.97136299568676,86.0
Bengaluru,2026-08-18 07:00:00+00:00,70.0,,7,24,71.58411975383217,70.0,99.88673765730881,69.97193013448722,86.0
Bengaluru,2026-08-18 08:00:00+00:00,71.0,,7,24,71.27294224716928,71.0,99.88673765730881,72.16182466042397,86.0
Bengaluru,2026-08-18 09:00:00+00:00,71.0,,7,24,71.30022022497054,71.0,99.88673765730881,72.03833710334214,85.0
Bengaluru,2026-08-18 10:00:00+00:00,71.0,,7,24,73.11479625470159,71.0,99.88673765730881,71.41357913842785,85.0
Bengaluru,2026-08-18 11:00:00+00:00,72.0,,7,24,69.85674917766022,72.0,99.88673765730881,73.24263896973234,82.0
Bengaluru,2026-08-18 12:00:00+00:00,72.0,,7,24,74.02787498015427,72.0,99.88673765730881,73.01221479139205,82.0
Bengaluru,2026-08-18 13:00:00+00:00,74.0,,7,24,76.20152309422762,74.0,99.88673765730881,76.73183488871805,81.0
Bengaluru,2026-08-18 14:00:00+00:00,74.0,,7,24,76.17216290459855,74.0,99.88673765730881,76.13771423141007,81.0
Bengaluru,2026-08-18 15:00:00+00:00,74.0,,7,24,77.1651184085763,74.0,99.88673765730881,74.795041933265,80.0
Bengaluru,2026-08-18 16:00:00+00:00,75.0,,7,24,73.56263814339783,75.0,99.88673765730881,76.28292026458664,79.0
Bengaluru,2026-08-18 17:00:00+00:00,73.0,,7,24,68.45505040081731,73.0,99.88673765730881,71.62548005461649,79.0
Bengaluru,2026-08-18 18:00:00+00:00,74.0,,7,24,69.99304723102125,74.0,99.88673765730881,73.4474815583558,77.0
Bengaluru,2026-08-18 19:00:00+00:00,78.0,,7,24,73.0468454471245,78.0,99.88673765730881,82.9544307751912,73.0
Delhi,2026-07-28 15:00:00+00:00,62.0,,7,24,80.5142123651024,62.0,99.88673765730881,53.553268423823944,97.0
Delhi,2026-07-28 16:00:00+00:00,62.0,,7,24,78.6408854460413,62.0,99.88673765730881,61.91480935265674,99.0
Delhi,2026-07-28 17:00:00+00:00,62.0,,7,24,80.49435296436175,62.0,99.88673765730881,63.43209106180632,101.0
Delhi,2026-07-28 18:00:00+00:00,62.0,,7,24,87.59706944140798,62.0,99.88673765730881,62.106860918820466,104.0
Delhi,2026-07-28 19:00:00+00:00,63.0,,7,24,87.72773182485598,63.0,99.88673765730881,72.12921591969965,106.0
Delhi,2026-07-28 20:00:00+00:00,64.0,,7,24,82.07419850529021,64.0,99.88673765730881,73.29300686766891,108.0
Delhi,2026-07-28 21:00:00+00:00,65.0,,7,24,74.2278188566305,65.0,99.88673765730881,72.76801727720535,109.0
Delhi,2026-07-28 22:00:00+00:00,66.0,,7,24,64.45134513666687,66.0,99.88673765730881,73.64178759528482,110.0
Delhi,2026-07-28 23:00:00+00:00,67.0,,7,24,54.68466067188172,67.0,99.88673765730881,74.89319098182882,111.0
Delhi,2026-07-31 01:00:00+00:00,86.0,,7,24,137.3299761924833,86.0,99.88673765730881,77.76028504484549,77.0
Delhi,2026-07-31 02:00:00+00:00,84.0,,7,24,135.43389669268953,84.0,99.88673765730881,68.14279990720163,77.0
Delhi,2026-07-31 03:00:00+00:00,82.0,,7,24,139.7916133384336,82.0,99.88673765730881,66.19773170049277,77.0
Delhi,2026-07-31 04:00:00+00:00,80.0,,7,24,138.81327754764965,80.0,99.88673765730881,64.2442424214345,78.0
Delhi,2026-07-31 05:00:00+00:00,78.0,,7,24,134.14140208321336,78.0,99.88673765730881,62.23546609536628,78.0
Delhi,2026-07-31 06:00:00+00:00,77.0,,7,24,136.26343417201693,77.0,99.88673765730881,70.58599070479173,79.0
Delhi,2026-07-31 07:00:00+00:00,77.0,,7,24,128.18823135023666,77.0,99.88673765730881,79.91202503386333,80.0
Delhi,2026-07-31 08:00:00+00:00,77.0,,7,24,134.15944328890356,77.0,99.88673765730881,78.27941313725022,81.0
Delhi,2026-07-31 09:00:00+00:00,77.0,,7,24,141.40372326536004,77.0,99.88673765730881,76.58691066626962,82.0
Delhi,2026-07-31 10:00:00+00:00,77.0,,7,24,112.11299903599655,77.0,99.88673765730881,76.75560940483695,82.0
Delhi,2026-07-31 11:00:00+00:00,77.0,,7,24,141.39116325775757,77.0,99.88673765730881,77.05454357991283,83.0
Delhi,2026-07-31 12:00:00+00:00,77.0,,7,24,138.47790061333967,77.0,99.88673765730881,77.04511163917509,84.0
Delhi,2026-07-31 13:00:00+00:00,76.0,,7,24,146.7639057000876,76.0,99.88673765730881,66.62756876630634,85.0
Delhi,2026-07-31 14:00:00+00:00,76.0,,7,24,149.03736190021453,76.0,99.88673765730881,76.03149991754242,86.0
Delhi,2026-07-31 15:00:00+00:00,76.0,,7,24,160.38745485785344,76.0,99.88673765730881,77.59716574334247,87.0
Delhi,2026-07-31 16:00:00+00:00,76.0,,7,24,157.04222978289053,76.0,99.88673765730881,76.09764725685046,88.0
Delhi,2026-07-31 17:00:00+00:00,76.0,,7,24,168.0876167870485,76.0,99.88673765730881,75.73446923674472,89.0
Delhi,2026-07-31 18:00:00+00:00,76.0,,7,24,159.44286431516448,76.0,99.88673765730881,75.96625572896498,90.0
Delhi,2026-07-31 19:00:00+00:00,76.0,,7,24,153.27318399848548,76.0,99.88673765730881,76.04301549774691,90.0
Delhi,2026-07-31 20:00:00+00:00,76.0,,7,24,146.34252748254062,76.0,99.88673765730881,76.00851734371798,90.0
Delhi,2026-07-31 21:00:00+00:00,75.0,,7,24,137.3133388229872,75.0,99.88673765730881,65.62717064364847,89.0
Delhi,2026-07-31 22:00:00+00:00,75.0,,7,24,126.63776789623155,75.0,99.88673765730881,75.03770237833086,88.0
Delhi,2026-07-31 23:00:00+00:00,76.0,,7,24,116.8440045468895,76.0,99.88673765730881,86.96369121277485,87.0
Delhi,2026-08-01 00:00:00+00:00,76.0,,7,24,111.9056577398107,76.0,99.88673765730881,76.05703308615819,86.0
Delhi,2026-08-01 01:00:00+00:00,77.0,,7,24,116.04523006985394,77.0,99.88673765730881,84.50377848760903,85.0
Delhi,2026-08-01 02:00:00+00:00,77.0,,7,24,97.51067985742849,77.0,99.88673765730881,76.83059786310503,86.0
Delhi,2026-08-01 03:00:00+00:00,77.0,,7,24,108.89485197791385,77.0,99.88673765730881,75.71197433146924,85.0
Delhi,2026-08-01 04:00:00+00:00,78.0,,7,24,108.76487706628279,78.0,99.88673765730881,87.31181842437036,85.0
Delhi,2026-08-01 05:00:00+00:00,78.0,,7,24,111.86020265693148,78.0,99.88673765730881,78.17612775017272,83.0
Delhi,2026-08-01 06:00:00+00:00,79.0,,7,24,116.68214829901996,79.0,99.88673765730881,86.79259873286084,82.0
Delhi,2026-08-01 07:00:00+00:00,80.0,,7,24,122.6680640118398,80.0,99.88673765730881,89.19501362845729,81.0
Delhi,2026-08-01 08:00:00+00:00,81.0,,7,24,125.33625868683018,81.0,99.88673765730881,88.98918185287906,80.0
Delhi,2026-08-01 09:00:00+00:00,82.0,,7,24,114.96505432356801,82.0,99.88673765730881,89.67272937665969,79.0
Delhi,2026-08-01 10:00:00+00:00,82.0,,7,24,110.70242486686466,82.0,99.88673765730881,80.49148792394803,78.0
Delhi,2026-08-01 11:00:00+00:00,83.0,,7,24,111.37376644617103,83.0,99.88673765730881,90.96291235354924,76.0
Delhi,2026-08-01 13:00:00+00:00,85.0,,7,24,103.28061883907722,85.0,99.88673765730881,92.97939547600755,73.0
Delhi,2026-08-01 14:00:00+00:00,86.0,,7,24,104.05549519090539,86.0,99.88673765730881,93.62143131358577,72.0
Delhi,2026-08-01 15:00:00+00:00,87.0,,7,24,103.25520674677183,87.0,99.88673765730881,94.85590275410003,71.0
Delhi,2026-08-01 16:00:00+00:00,88.0,,7,24,98.23131362119828,88.0,99.88673765730881,95.93194831845902,69.0
Delhi,2026-08-01 17:00:00+00:00,89.0,,7,24,99.31377550572846,89.0,99.88673765730881,96.89694713935418,68.0
Delhi,2026-08-01 18:00:00+00:00,90.0,,7,24,107.88870711853033,90.0,99.88673765730881,97.88174723678786,67.0
Delhi,2026-08-01 19:00:00+00:00,90.0,,7,24,112.23895486603877,90.0,99.88673765730881,88.52066624118193,67.0
Delhi,2026-08-01 20:00:00+00:00,90.0,,7,24,119.52233134639468,90.0,99.88673765730881,88.56316286346879,68.0
Delhi,2026-08-01 21:00:00+00:00,89.0,,7,24,120.11418363404559,89.0,99.88673765730881,79.79304840203035,69.0
Delhi,2026-08-01 22:00:00+00:00,88.0,,7,24,106.81769515029312,88.0,99.88673765730881,78.9283339537674,71.0
Delhi,2026-08-01 23:00:00+00:00,87.0,,7,24,108.02234727364701,87.0,99.88673765730881,79.25948815007486,72.0
Delhi,2026-08-02 00:00:00+00:00,86.0,,7,24,102.31202625369862,86.0,99.88673765730881,78.3223154113018,73.0
Delhi,2026-08-02 01:00:00+00:00,85.0,,7,24,101.68503531207999,85.0,99.88673765730881,77.09981259414997,73.0
Delhi,2026-08-02 02:00:00+00:00,86.0,,7,24,94.99219386014835,86.0,99.88673765730881,96.80688492452069,74.0
Delhi,2026-08-02 03:00:00+00:00,85.0,,7,24,98.44571763693907,85.0,99.88673765730881,77.03184568693287,74.0
Delhi,2026-08-02 04:00:00+00:00,85.0,,7,24,100.5040564258645,85.0,99.88673765730881,83.2904757734589,75.0
Delhi,2026-08-02 05:00:00+00:00,83.0,,7,24,101.58229978778498,83.0,99.88673765730881,65.51376403925174,76.0
Delhi,2026-08-02 06:00:00+00:00,82.0,,7,24,115.49408181984916,82.0,99.88673765730881,73.08442332571077,76.0
Delhi,2026-08-02 07:00:00+00:00,81.0,,7,24,113.23188705151247,81.0,99.88673765730881,74.67864188187929,77.0
Delhi,2026-08-02 08:00:00+00:00,80.0,,7,24,112.47355627844229,80.0,99.88673765730881,72.38727746500457,77.0
Delhi,2026-08-02 09:00:00+00:00,79.0,,7,24,112.73633929769981,79.0,99.88673765730881,70.86247044184594,77.0
Delhi,2026-08-02 10:00:00+00:00,78.0,,7,24,111.5517429953787,78.0,99.88673765730881,70.048406124994,78.0
Delhi,2026-08-02 11:00:00+00:00,76.0,,7,24,109.001791136039,76.0,99.88673765730881,58.78365941527049,78.0
Bengaluru,2026-08-18 20:00:00+00:00,82.0,,8,24,85.45875822489906,82.0,95.2095015576324,92.42521254082642,74.0
Bengaluru,2026-08-18 21:00:00+00:00,86.0,,8,24,87.82890095125494,86.0,95.2095015576324,98.68887185202746,74.0
Bengaluru,2026-08-18 22:00:00+00:00,86.0,,8,24,94.89941468950279,86.0,95.2095015576324,94.05648791013962,72.0
Bengaluru,2026-08-18 23:00:00+00:00,86.0,,8,24,88.63215543400716,86.0,95.2095015576324,89.83506886142472,71.0
Bengaluru,2026-08-19 00:00:00+00:00,86.0,,8,24,85.97876952448172,86.0,95.2095015576324,87.62999840006236,71.0
Bengaluru,2026-08-19 01:00:00+00:00,86.0,,8,24,90.50941584136338,86.0,95.2095015576324,86.65293570610532,71.0
Bengaluru,2026-08-19 02:00:00+00:00,86.0,,8,24,87.73275180920697,86.0,95.2095015576324,86.25245391726943,70.0
Bengaluru,2026-08-19 03:00:00+00:00,86.0,,8,24,87.91729247039693,86.0,95.2095015576324,86.09540741409903,70.0
Bengaluru,2026-08-19 04:00:00+00:00,86.0,,8,24,90.67275990649797,86.0,95.2095015576324,86.03550383467014,70.0
Bengaluru,2026-08-19 05:00:00+00:00,86.0,,8,24,94.74119050567911,86.0,95.2095015576324,86.01307017455251,68.0
Bengaluru,2026-08-19 06:00:00+00:00,86.0,,8,24,88.62701385594059,86.0,95.2095015576324,86.00477461068115,68.0
Bengaluru,2026-08-19 07:00:00+00:00,86.0,,8,24,87.91522896047171,86.0,95.2095015576324,86.00173445255396,68.0
Bengaluru,2026-08-19 08:00:00+00:00,86.0,,8,24,91.97631031093478,86.0,95.2095015576324,86.0006274808331,68.0
Bengaluru,2026-08-19 09:00:00+00:00,85.0,,8,24,88.939908656959,85.0,95.2095015576324,83.59644154152812,67.0
Bengaluru,2026-08-19 10:00:00+00:00,85.0,,8,24,88.62050905086303,85.0,95.2095015576324,83.84513215678469,67.0
Bengaluru,2026-08-19 11:00:00+00:00,82.0,,8,24,86.93049234211776,82.0,95.2095015576324,77.19861443376206,68.0
Bengaluru,2026-08-19 12:00:00+00:00,82.0,,8,24,86.27527791355682,82.0,95.2095015576324,78.27616480353778,67.0
Bengaluru,2026-08-19 13:00:00+00:00,81.0,,8,24,81.64971568654738,81.0,95.2095015576324,77.72041641284673,66.0
Bengaluru,2026-08-19 14:00:00+00:00,81.0,,8,24,82.33964873370184,81.0,95.2095015576324,79.02676715959579,67.0
Bengaluru,2026-08-19 15:00:00+00:00,80.0,,8,24,82.75591563563691,80.0,95.2095015576324,77.67357334496975,66.0
Bengaluru,2026-08-19 16:00:00+00:00,79.0,,8,24,83.00503047558111,79.0,95.2095015576324,76.05251556388677,67.0
Bengaluru,2026-08-19 17:00:00+00:00,79.0,,8,24,82.11906301613266,79.0,95.2095015576324,77.10004157517108,67.0
Bengaluru,2026-08-19 18:00:00+00:00,77.0,,8,24,86.78084068313312,77.0,95.2095015576324,73.28364971561774,65.0
Bengaluru,2026-08-19 19:00:00+00:00,73.0,,8,24,73.68320269313037,73.0,95.2095015576324,64.68782019408893,64.0
Bengaluru,2026-08-19 20:00:00+00:00,74.0,,8,24,74.15818376781368,74.0,95.2095015576324,69.44858472387976,63.0
Bengaluru,2026-08-19 21:00:00+00:00,74.0,,8,24,78.28018320247241,74.0,95.2095015576324,72.21662364916682,62.0
Bengaluru,2026-08-19 22:00:00+00:00,72.0,,8,24,74.93884641565361,72.0,95.2095015576324,68.51253668065706,62.0
Bengaluru,2026-08-19 23:00:00+00:00,71.0,,8,24,74.21170827155798,71.0,95.2095015576324,67.03178922762417,63.0
Bengaluru,2026-08-20 00:00:00+00:00,71.0,,8,24,74.82884062471483,71.0,95.2095015576324,68.57083340778509,63.0
Bengaluru,2026-08-20 01:00:00+00:00,71.0,,8,24,75.01548222879532,71.0,95.2095015576324,69.85746553197163,63.0
Bengaluru,2026-08-20 02:00:00+00:00,70.0,,8,24,73.98924819733857,70.0,95.2095015576324,68.11342274371282,63.0
Bengaluru,2026-08-20 03:00:00+00:00,70.0,,8,24,74.40596716855369,70.0,95.2095015576324,68.65229830504764,63.0
Bengaluru,2026-08-20 04:00:00+00:00,70.0,,8,24,74.78402163151814,70.0,95.2095015576324,69.33556830659931,63.0
Bengaluru,2026-08-20 05:00:00+00:00,68.0,,8,24,73.49002065118249,68.0,95.2095015576324,64.90536523694914,63.0
Bengaluru,2026-08-20 06:00:00+00:00,68.0,,8,24,73.43454725396617,68.0,95.2095015576324,65.57404569094668,63.0
Bengaluru,2026-08-20 07:00:00+00:00,68.0,,8,24,73.80100930099992,68.0,95.2095015576324,66.77474886984743,63.0
Bengaluru,2026-08-20 08:00:00+00:00,68.0,,8,24,73.9567072701037,68.0,95.2095015576324,67.46488405141972,66.0
Bengaluru,2026-08-20 09:00:00+00:00,67.0,,8,24,71.25217136446125,67.0,95.2095015576324,65.37858553104228,68.0
Bengaluru,2026-08-20 10:00:00+00:00,67.0,,8,24,71.9722891052592,67.0,95.2095015576324,65.760112150568,68.0
Bengaluru,2026-08-20 11:00:00+00:00,68.0,,8,24,74.09606691127547,68.0,95.2095015576324,68.78142527029281,68.0
Bengaluru,2026-08-20 12:00:00+00:00,67.0,,8,24,72.43615023169383,67.0,95.2095015576324,66.48009620400369,68.0
Bengaluru,2026-08-20 13:00:00+00:00,66.0,,8,24,69.30443335727567,66.0,95.2095015576324,63.92124850116351,68.0
Bengaluru,2026-08-20 14:00:00+00:00,67.0,,8,24,74.59279039711537,67.0,95.2095015576324,66.87484982152081,67.0
Bengaluru,2026-08-20 15:00:00+00:00,66.0,,8,24,73.55661471297859,66.0,95.2095015576324,64.99141496039961,67.0
Bengaluru,2026-08-20 16:00:00+00:00,67.0,,8,24,74.29129453119859,67.0,95.2095015576324,67.50947487900588,67.0
Bengaluru,2026-08-20 17:00:00+00:00,67.0,,8,24,75.19839889753841,67.0,95.2095015576324,67.69044347575011,66.0
Bengaluru,2026-08-20 18:00:00+00:00,65.0,,8,24,72.74541679391014,65.0,95.2095015576324,62.57715943435836,66.0
Bengaluru,2026-08-20 19:00:00+00:00,64.0,,8,24,71.66120029207802,64.0,95.2095015576324,60.46125981683408,66.0
Bengaluru,2026-08-20 20:00:00+00:00,63.0,,8,24,71.30626118868148,63.0,95.2095015576324,59.333829876188794,67.0
Bengaluru,2026-08-20 21:00:00+00:00,62.0,,8,24,67.33656184599202,62.0,95.2095015576324,58.36194431217534,67.0
Bengaluru,2026-08-20 22:00:00+00:00,62.0,,8,24,67.37613360882804,62.0,95.2095015576324,59.79576797590518,67.0
Bengaluru,2026-08-20 23:00:00+00:00,63.0,,8,24,68.80873280124203,63.0,95.2095015576324,63.37066326800319,67.0
Bengaluru,2026-08-21 00:00:00+00:00,63.0,,8,24,68.80604345169604,63.0,95.2095015576324,63.71913663048845,67.0
Bengaluru,2026-08-21 01:00:00+00:00,63.0,,8,24,69.0823472010971,63.0,95.2095015576324,63.41623578596038,67.0
Bengaluru,2026-08-21 02:00:00+00:00,63.0,,8,24,68.65768302737354,63.0,95.2095015576324,63.191971275319666,67.0
Bengaluru,2026-08-21 03:00:00+00:00,63.0,,8,24,68.55134705076229,63.0,95.2095015576324,63.080335992334476,67.0
Bengaluru,2026-08-21 04:00:00+00:00,63.0,,8,24,68.95857038962836,63.0,95.2095015576324,63.03189378301829,67.0
Bengaluru,2026-08-21 05:00:00+00:00,63.0,,8,24,68.8430241021112,63.0,95.2095015576324,63.01226211183744,66.0
Bengaluru,2026-08-21 06:00:00+00:00,63.0,,8,24,69.17453391542365,63.0,95.2095015576324,63.00461667796911,66.0
Bengaluru,2026-08-21 07:00:00+00:00,63.0,,8,24,68.45183728666551,63.0,95.2095015576324,63.001713526920945,66.0
Bengaluru,2026-08-21 08:00:00+00:00,66.0,,8,24,80.65268720928023,66.0,95.2095015576324,70.21198396568923,63.0
Bengaluru,2026-08-21 09:00:00+00:00,68.0,,8,24,86.59806766355959,68.0,95.2095015576324,74.27264710680333,61.0
Bengaluru,2026-08-21 10:00:00+00:00,68.0,,8,24,79.79704010700361,68.0,95.2095015576324,72.08016343133536,61.0
Bengaluru,2026-08-21 11:00:00+00:00,68.0,,8,24,78.39156539792212,68.0,95.2095015576324,69.95714465847723,60.0
Bengaluru,2026-08-21 12:00:00+00:00,68.0,,8,24,81.66083483379776,68.0,95.2095015576324,68.83486976964778,60.0
Bengaluru,2026-08-21 13:00:00+00:00,68.0,,8,24,75.57926712702356,68.0,95.2095015576324,68.3351202039775,59.0
Bengaluru,2026-08-21 14:00:00+00:00,67.0,,8,24,70.83534505975689,67.0,95.2095015576324,65.72595530721964,60.0
Delhi,2026-08-18 20:00:00+00:00,110.0,,8,24,115.42279395980961,110.0,95.2095015576324,109.354607059665,114.0
Delhi,2026-08-18 21:00:00+00:00,110.0,,8,24,114.04203842199699,110.0,95.2095015576324,112.07735950956265,115.0
Delhi,2026-08-18 22:00:00+00:00,109.0,,8,24,114.05575709955461,109.0,95.2095015576324,101.18463917495082,115.0
Delhi,2026-08-18 23:00:00+00:00,109.0,,8,24,110.5336071663677,109.0,95.2095015576324,108.21490249984662,114.0
Delhi,2026-08-19 00:00:00+00:00,109.0,,8,24,110.49472833402403,109.0,95.2095015576324,110.41787363186303,114.0
Delhi,2026-08-19 01:00:00+00:00,110.0,,8,24,112.15622991490204,110.0,95.2095015576324,118.38338630903746,113.0
Delhi,2026-08-19 02:00:00+00:00,110.0,,8,24,111.5794467706703,110.0,95.2095015576324,110.16937672903181,112.0
Delhi,2026-08-19 03:00:00+00:00,110.0,,8,24,112.13045277605379,110.0,95.2095015576324,108.42203683058467,111.0
Delhi,2026-08-19 04:00:00+00:00,111.0,,8,24,117.6636633173815,111.0,95.2095015576324,118.94811248728445,110.0
Delhi,2026-08-19 05:00:00+00:00,111.0,,8,24,120.88700349967384,111.0,95.2095015576324,111.70149772023458,110.0
Delhi,2026-08-19 06:00:00+00:00,112.0,,8,24,122.53989343766467,112.0,95.2095015576324,118.66388545493265,110.0
Delhi,2026-08-19 07:00:00+00:00,112.0,,8,24,123.47841378792687,112.0,95.2095015576324,112.15966669548887,110.0
Delhi,2026-08-19 08:00:00+00:00,112.0,,8,24,126.35813744052395,112.0,95.2095015576324,110.74781198976125,110.0
Delhi,2026-08-19 09:00:00+00:00,112.0,,8,24,126.94495033419824,112.0,95.2095015576324,111.86351443510618,110.0
Delhi,2026-08-19 10:00:00+00:00,113.0,,8,24,127.18169933062839,113.0,95.2095015576324,121.3403280193795,110.0
Delhi,2026-08-19 11:00:00+00:00,113.0,,8,24,126.36390078379037,113.0,95.2095015576324,113.46095801023934,110.0
Delhi,2026-08-19 12:00:00+00:00,113.0,,8,24,118.13295637383251,113.0,95.2095015576324,111.4549350987892,110.0
Delhi,2026-08-19 13:00:00+00:00,113.0,,8,24,117.26607910540227,113.0,95.2095015576324,112.78145809114454,110.0
Delhi,2026-08-19 14:00:00+00:00,112.0,,8,24,121.06712387125654,112.0,95.2095015576324,104.16087754405609,110.0
Delhi,2026-08-19 15:00:00+00:00,112.0,,8,24,121.926218210609,112.0,95.2095015576324,111.64896669006437,110.0
Delhi,2026-08-19 16:00:00+00:00,111.0,,8,24,120.05317120911822,111.0,95.2095015576324,104.34512510835017,111.0
Delhi,2026-08-19 17:00:00+00:00,111.0,,8,24,114.72672730624592,111.0,95.2095015576324,110.77453073757287,111.0
Delhi,2026-08-19 18:00:00+00:00,111.0,,8,24,118.45139211796823,111.0,95.2095015576324,112.24489791003863,112.0
Delhi,2026-08-19 19:00:00+00:00,112.0,,8,24,120.92761343416852,112.0,95.2095015576324,120.26242705454483,113.0
Delhi,2026-08-19 20:00:00+00:00,114.0,,8,24,119.55914886512305,114.0,95.2095015576324,130.42009887782834,114.0
Delhi,2026-08-19 21:00:00+00:00,115.0,,8,24,120.56261764394613,115.0,95.2095015576324,122.39269195514707,116.0
Delhi,2026-08-19 22:00:00+00:00,115.0,,8,24,122.33601450622255,115.0,95.2095015576324,112.23589600195525,117.0
Delhi,2026-08-19 23:00:00+00:00,114.0,,8,24,124.27944408139221,114.0,95.2095015576324,104.24744955363785,119.0
Delhi,2026-08-20 00:00:00+00:00,114.0,,8,24,121.31853278464537,114.0,95.2095015576324,113.97024753712637,120.0
Delhi,2026-08-20 01:00:00+00:00,113.0,,8,24,117.77120073875234,113.0,95.2095015576324,106.73579533866895,121.0
Delhi,2026-08-20 02:00:00+00:00,112.0,,8,24,116.73419467111955,112.0,95.2095015576324,103.63256669274642,122.0
Delhi,2026-08-20 03:00:00+00:00,111.0,,8,24,115.25387770372267,111.0,95.2095015576324,103.63841649722559,123.0
Delhi,2026-08-20 04:00:00+00:00,110.0,,8,24,111.78736756824205,110.0,95.2095015576324,103.12317389585722,124.0
Delhi,2026-08-20 05:00:00+00:00,110.0,,8,24,115.0505221059207,110.0,95.2095015576324,111.08728311908844,124.0
Delhi,2026-08-20 06:00:00+00:00,110.0,,8,24,118.92040207171223,110.0,95.2095015576324,111.39834823029241,124.0
Delhi,2026-08-20 07:00:00+00:00,110.0,,8,24,119.44821165708103,110.0,95.2095015576324,109.91203381539059,123.0
Delhi,2026-08-20 08:00:00+00:00,110.0,,8,24,123.19772099996354,110.0,95.2095015576324,109.72694303433505,122.0
Delhi,2026-08-20 09:00:00+00:00,110.0,,8,24,125.1518555879185,110.0,95.2095015576324,109.99355871034665,120.0
Delhi,2026-08-20 10:00:00+00:00,110.0,,8,24,125.01270312958844,110.0,95.2095015576324,110.05131777984676,119.0
Delhi,2026-08-20 11:00:00+00:00,110.0,,8,24,122.92586297637698,110.0,95.2095015576324,110.00557409708647,118.0
Delhi,2026-08-20 12:00:00+00:00,110.0,,8,24,120.63741545203925,110.0,95.2095015576324,109.99072537364627,116.0
Delhi,2026-08-20 13:00:00+00:00,110.0,,8,24,120.96575196429109,110.0,95.2095015576324,109.9981549774583,115.0
Delhi,2026-08-20 14:00:00+00:00,110.0,,8,24,120.3375984938984,110.0,95.2095015576324,110.00160518443145,114.0
Delhi,2026-08-20 15:00:00+00:00,110.0,,8,24,119.93171297738778,110.0,95.2095015576324,110.0004865250571,113.0
Delhi,2026-08-20 16:00:00+00:00,111.0,,8,24,120.22756234858369,111.0,95.2095015576324,119.11379749543502,111.0
Delhi,2026-08-20 17:00:00+00:00,111.0,,8,24,119.67769972602132,111.0,95.2095015576324,111.41573686845938,110.0
Delhi,2026-08-20 18:00:00+00:00,112.0,,8,24,117.85598552232385,112.0,95.2095015576324,118.60818917481033,108.0
Delhi,2026-08-20 19:00:00+00:00,113.0,,8,24,120.87203956604051,113.0,95.2095015576324,121.32328278686201,106.0
Delhi,2026-08-20 20:00:00+00:00,114.0,,8,24,120.01606803122922,114.0,95.2095015576324,121.29250478882334,105.0
Delhi,2026-08-20 21:00:00+00:00,116.0,,8,24,122.39445161348063,116.0,95.2095015576324,130.99341669448089,103.0
Delhi,2026-08-20 22:00:00+00:00,117.0,,8,24,123.12990681956262,117.0,95.2095015576324,124.4559647526871,101.0
Delhi,2026-08-20 23:00:00+00:00,119.0,,8,24,125.8437932395144,119.0,95.2095015576324,132.74036345450216,98.0
Delhi,2026-08-21 00:00:00+00:00,120.0,,8,24,136.47632573739418,120.0,95.2095015576324,127.31868534939515,96.0
Delhi,2026-08-21 01:00:00+00:00,121.0,,8,24,136.68529005404744,121.0,95.2095015576324,126.8526662455643,93.0
Delhi,2026-08-21 02:00:00+00:00,122.0,,8,24,136.6766006780275,122.0,95.2095015576324,128.94809910867033,91.0
Delhi,2026-08-21 03:00:00+00:00,123.0,,8,24,136.13310063776703,123.0,95.2095015576324,130.31942100271962,88.0
Delhi,2026-08-21 04:00:00+00:00,124.0,,8,24,132.30136461999376,124.0,95.2095015576324,131.1428369660408,86.0
Delhi,2026-08-21 05:00:00+00:00,124.0,,8,24,139.9893103513955,124.0,95.2095015576324,122.94327717908611,85.0
Delhi,2026-08-21 06:00:00+00:00,124.0,,8,24,137.02630238617536,124.0,95.2095015576324,122.55371708893315,84.0
Delhi,2026-08-21 07:00:00+00:00,123.0,,8,24,132.8226699758169,123.0,95.2095015576324,114.96403665468883,84.0
Delhi,2026-08-21 08:00:00+00:00,122.0,,8,24,135.52818610981575,122.0,95.2095015576324,113.75141218569816,84.0
Delhi,2026-08-21 09:00:00+00:00,120.0,,8,24,134.20097723995156,120.0,95.2095015576324,104.87095502852377,85.0
Delhi,2026-08-21 10:00:00+00:00,119.0,,8,24,136.33868819729085,119.0,95.2095015576324,111.71413325677493,86.0
Delhi,2026-08-21 11:00:00+00:00,118.0,,8,24,133.68919908597354,118.0,95.2095015576324,112.41387930769469,87.0
Delhi,2026-08-21 12:00:00+00:00,116.0,,8,24,126.53691602699759,116.0,95.2095015576324,100.95420363302965,89.0
Delhi,2026-08-21 13:00:00+00:00,115.0,,8,24,126.24089159610293,115.0,95.2095015576324,107.21548757589328,90.0
Delhi,2026-08-21 14:00:00+00:00,114.0,,8,24,123.4801052861334,114.0,95.2095015576324,108.35579273553456,92.0
Bengaluru,2026-08-21 15:00:00+00:00,67.0,,9,24,64.05448298997024,67.0,94.42877291960508,66.55435182276673,60.0
Bengaluru,2026-08-21 16:00:00+00:00,67.0,,9,24,60.896644349380544,67.0,94.42877291960508,66.7057642824066,60.0
Bengaluru,2026-08-21 17:00:00+00:00,66.0,,9,24,62.92499571084153,66.0,94.42877291960508,64.45808043718414,60.0
Bengaluru,2026-08-21 18:00:00+00:00,66.0,,9,24,63.303115623396415,66.0,94.42877291960508,64.98195968860271,60.0
Bengaluru,2026-08-21 19:00:00+00:00,66.0,,9,24,63.055108610784956,66.0,94.42877291960508,65.32784686007635,60.0
Bengaluru,2026-08-23 21:00:00+00:00,61.0,,9,24,63.96881640680357,61.0,94.42877291960508,61.14728058977084,63.0
Bengaluru,2026-08-23 22:00:00+00:00,61.0,,9,24,62.39711404880759,61.0,94.42877291960508,61.08822105297869,63.0
Bengaluru,2026-08-23 23:00:00+00:00,60.0,,9,24,61.2042858299687,60.0,94.42877291960508,58.53291099530888,64.0
Bengaluru,2026-08-24 00:00:00+00:00,58.0,,9,24,60.70501104276404,58.0,94.42877291960508,54.20180690571783,64.0
Bengaluru,2026-08-24 01:00:00+00:00,58.0,,9,24,60.8986027587347,58.0,94.42877291960508,55.510352619460036,64.0
Bengaluru,2026-08-24 02:00:00+00:00,58.0,,9,24,60.535826787856564,58.0,94.42877291960508,56.36137972948048,64.0
Bengaluru,2026-08-24 03:00:00+00:00,61.0,,9,24,78.8726614540314,61.0,94.42877291960508,63.98101608259101,61.0
Bengaluru,2026-08-24 04:00:00+00:00,62.0,,9,24,68.92207407049557,62.0,94.42877291960508,65.31735778532295,60.0
Bengaluru,2026-08-24 05:00:00+00:00,62.0,,9,24,67.67963304722318,62.0,94.42877291960508,64.18969232255209,60.0
Bengaluru,2026-08-24 06:00:00+00:00,62.0,,9,24,71.12727138327728,62.0,94.42877291960508,63.4455640243942,60.0
Bengaluru,2026-08-24 07:00:00+00:00,62.0,,9,24,67.0520668742338,62.0,94.42877291960508,62.95437536535722,61.0
Bengaluru,2026-08-24 08:00:00+00:00,61.0,,9,24,66.04486637863384,61.0,94.42877291960508,60.28235580536124,61.0
Bengaluru,2026-08-24 09:00:00+00:00,61.0,,9,24,68.50800080459717,61.0,94.42877291960508,60.5261854723995,61.0
Bengaluru,2026-08-24 10:00:00+00:00,60.0,,9,24,62.931239767896265,60.0,94.42877291960508,58.33949781507143,61.0
Bengaluru,2026-08-24 11:00:00+00:00,60.0,,9,24,64.55208155914238,60.0,94.42877291960508,58.90366838896808,61.0
Bengaluru,2026-08-24 12:00:00+00:00,61.0,,9,24,65.16498619390786,61.0,94.42877291960508,61.62381243388403,61.0
Bengaluru,2026-08-24 13:00:00+00:00,61.0,,9,24,61.52011538833611,61.0,94.42877291960508,61.41186713328067,62.0
Bengaluru,2026-08-24 14:00:00+00:00,60.0,,9,24,63.559599885107936,60.0,94.42877291960508,58.924278608823414,62.0
Bengaluru,2026-08-24 15:00:00+00:00,63.0,,9,24,69.53930719517102,63.0,94.42877291960508,66.33272249815374,59.0
Bengaluru,2026-08-24 16:00:00+00:00,65.0,,9,24,69.60850484640193,65.0,94.42877291960508,69.89570958060395,58.0
Bengaluru,2026-08-24 17:00:00+00:00,66.0,,9,24,70.30773875543704,66.0,94.42877291960508,70.58000664657784,58.0
Bengaluru,2026-08-24 18:00:00+00:00,66.0,,9,24,71.39168142665208,66.0,94.42877291960508,69.02391349105369,58.0
Bengaluru,2026-08-24 19:00:00+00:00,66.0,,9,24,69.48032637212603,66.0,94.42877291960508,67.99651518750913,58.0
Bengaluru,2026-08-24 20:00:00+00:00,64.0,,9,24,67.72986065408959,64.0,94.42877291960508,62.62287803081848,59.0
Bengaluru,2026-08-24 21:00:00+00:00,63.0,,9,24,65.4376275791292,63.0,94.42877291960508,60.74311327212335,60.0
Bengaluru,2026-08-24 22:00:00+00:00,63.0,,9,24,66.95056999203972,63.0,94.42877291960508,61.50990821939934,60.0
Bengaluru,2026-08-24 23:00:00+00:00,64.0,,9,24,65.9351662805098,64.0,94.42877291960508,64.36383131115305,60.0
Bengaluru,2026-08-25 00:00:00+00:00,64.0,,9,24,65.99981427766264,64.0,94.42877291960508,64.24021677280574,61.0
Bengaluru,2026-08-25 01:00:00+00:00,64.0,,9,24,65.94294073895469,64.0,94.42877291960508,64.15860124230512,61.0
Bengaluru,2026-08-25 02:00:00+00:00,64.0,,9,24,64.64173860244573,64.0,94.42877291960508,64.10471522769687,62.0
Bengaluru,2026-08-25 03:00:00+00:00,61.0,,9,24,63.14311392384426,61.0,94.42877291960508,57.026179203777176,63.0
Bengaluru,2026-08-25 04:00:00+00:00,60.0,,9,24,62.27514399822597,60.0,94.42877291960508,56.028663216547365,63.0
Bengaluru,2026-08-25 05:00:00+00:00,60.0,,9,24,62.49468235861214,60.0,94.42877291960508,57.377956001487306,64.0
Bengaluru,2026-08-25 06:00:00+00:00,60.0,,9,24,62.85778834479676,60.0,94.42877291960508,58.26881599193873,64.0
Bengaluru,2026-08-25 07:00:00+00:00,61.0,,9,24,63.73876287417872,61.0,94.42877291960508,61.20465205630891,64.0
Bengaluru,2026-08-25 08:00:00+00:00,61.0,,9,24,63.15271506403177,61.0,94.42877291960508,61.13511991686632,65.0
Bengaluru,2026-08-25 09:00:00+00:00,61.0,,9,24,63.49712151928509,61.0,94.42877291960508,61.08921186653705,65.0
Bengaluru,2026-08-25 10:00:00+00:00,61.0,,9,24,63.66933572821937,61.0,94.42877291960508,61.05890143596594,66.0
Bengaluru,2026-08-25 11:00:00+00:00,61.0,,9,24,63.482661796775595,61.0,94.42877291960508,61.038889211643266,67.0
Bengaluru,2026-08-25 12:00:00+00:00,61.0,,9,24,61.91172475664618,61.0,94.42877291960508,61.025676297316586,68.0
Bengaluru,2026-08-25 13:00:00+00:00,62.0,,9,24,63.099741184756724,62.0,94.42877291960508,63.36460530911171,68.0
Bengaluru,2026-08-25 14:00:00+00:00,62.0,,9,24,64.83907960361313,62.0,94.42877291960508,62.900969964573555,69.0
Bengaluru,2026-08-25 15:00:00+00:00,59.0,,9,24,61.94334004478283,59.0,94.42877291960508,55.55190015571922,69.0
Bengaluru,2026-08-25 16:00:00+00:00,58.0,,9,24,60.96378995479586,58.0,94.42877291960508,54.37576635639851,69.0
Bengaluru,2026-08-25 17:00:00+00:00,58.0,,9,24,60.980615249448626,58.0,94.42877291960508,55.60712813025219,69.0
Bengaluru,2026-08-25 18:00:00+00:00,58.0,,9,24,61.21069081474871,58.0,94.42877291960508,56.420125094545405,69.0
Bengaluru,2026-08-25 19:00:00+00:00,58.0,,9,24,61.373112925292155,58.0,94.42877291960508,56.95689997093397,68.0
Bengaluru,2026-08-25 20:00:00+00:00,59.0,,9,24,62.189329113198504,59.0,94.42877291960508,59.65895411276336,68.0
Bengaluru,2026-08-25 21:00:00+00:00,60.0,,9,24,63.21006484762151,60.0,94.42877291960508,61.782722025453424,67.0
Bengaluru,2026-08-25 22:00:00+00:00,60.0,,9,24,63.17363954377904,60.0,94.42877291960508,61.17702825087411,67.0
Bengaluru,2026-08-25 23:00:00+00:00,60.0,,9,24,63.317434845774834,60.0,94.42877291960508,60.77712368141263,66.0
Bengaluru,2026-08-26 00:00:00+00:00,61.0,,9,24,62.965989184268075,61.0,94.42877291960508,62.8607425573748,66.0
Bengaluru,2026-08-26 01:00:00+00:00,61.0,,9,24,63.045642762937014,61.0,94.42877291960508,62.22854069583668,65.0
Bengaluru,2026-08-26 02:00:00+00:00,62.0,,9,24,64.23228114810777,62.0,94.42877291960508,64.1587871045987,65.0
Bengaluru,2026-08-26 03:00:00+00:00,63.0,,9,24,65.4670296448822,63.0,94.42877291960508,65.77297500812712,65.0
Bengaluru,2026-08-26 04:00:00+00:00,63.0,,9,24,65.36794947997782,63.0,94.42877291960508,64.83083502471634,64.0
Bengaluru,2026-08-26 05:00:00+00:00,64.0,,9,24,68.18401569889781,64.0,94.42877291960508,66.55644721666935,64.0
Bengaluru,2026-08-26 08:00:00+00:00,65.0,,9,24,69.3356488763189,65.0,94.42877291960508,67.08343039949874,63.0
Bengaluru,2026-08-30 23:00:00+00:00,56.0,,9,24,56.42345811101837,56.0,94.42877291960508,55.807475578742235,73.0
Bengaluru,2026-08-31 00:00:00+00:00,56.0,,9,24,58.61874248456177,56.0,94.42877291960508,55.888047400490706,74.0
Bengaluru,2026-08-31 01:00:00+00:00,56.0,,9,24,58.8545063306242,56.0,94.42877291960508,55.92973714626836,74.0
Bengaluru,2026-08-31 02:00:00+00:00,56.0,,9,24,59.18594147198827,56.0,94.42877291960508,55.954587836601945,75.0
Delhi,2026-08-21 15:00:00+00:00,113.0,,9,24,110.99069363908721,113.0,94.42877291960508,106.16324131134317,94.0
Delhi,2026-08-21 16:00:00+00:00,111.0,,9,24,109.56013602934016,111.0,94.42877291960508,95.58531046037346,97.0
Delhi,2026-08-21 17:00:00+00:00,110.0,,9,24,108.17062553889014,110.0,94.42877291960508,102.2953262927523,100.0
Delhi,2026-08-21 18:00:00+00:00,108.0,,9,24,106.68936196872743,108.0,94.42877291960508,94.3386372961857,102.0
Delhi,2026-08-21 19:00:00+00:00,106.0,,9,24,106.45164237175126,106.0,94.42877291960508,90.5772516853351,103.0
Delhi,2026-08-23 21:00:00+00:00,100.0,,9,24,102.18334345965903,100.0,94.42877291960508,98.4361765164873,109.0
Delhi,2026-08-23 22:00:00+00:00,101.0,,9,24,102.87209508305831,101.0,94.42877291960508,108.5182854156158,108.0
Delhi,2026-08-23 23:00:00+00:00,102.0,,9,24,104.76041096848306,102.0,94.42877291960508,109.36481175114679,108.0
Delhi,2026-08-24 00:00:00+00:00,103.0,,9,24,100.92174939263438,103.0,94.42877291960508,110.06625422167237,107.0
Delhi,2026-08-24 01:00:00+00:00,106.0,,9,24,103.11903711333295,106.0,94.42877291960508,129.15848471407313,105.0
Delhi,2026-08-24 02:00:00+00:00,109.0,,9,24,103.61561526481556,109.0,94.42877291960508,133.24299310043673,101.0
Delhi,2026-08-24 03:00:00+00:00,113.0,,9,24,107.77384601504718,113.0,94.42877291960508,142.35762572268285,97.0
Delhi,2026-08-24 04:00:00+00:00,116.0,,9,24,108.98893025914852,116.0,94.42877291960508,137.31745441531524,92.0
Delhi,2026-08-24 05:00:00+00:00,118.0,,9,24,110.34918191156508,118.0,94.42877291960508,129.7893910340885,89.0
Delhi,2026-08-24 06:00:00+00:00,119.0,,9,24,108.0261486351805,119.0,94.42877291960508,123.6068702721192,89.0
Delhi,2026-08-24 07:00:00+00:00,119.0,,9,24,107.46459299980715,119.0,94.42877291960508,116.9359916180854,90.0
Delhi,2026-08-24 08:00:00+00:00,118.0,,9,24,108.04189656766931,118.0,94.42877291960508,108.87100285896952,93.0
Delhi,2026-08-24 09:00:00+00:00,117.0,,9,24,112.21469304467787,117.0,94.42877291960508,108.72473864113108,96.0
Delhi,2026-08-24 10:00:00+00:00,115.0,,9,24,113.4073575815125,115.0,94.42877291960508,100.09223680474933,98.0
Delhi,2026-08-24 11:00:00+00:00,114.0,,9,24,112.44060917308457,114.0,94.42877291960508,106.61744254496027,100.0
Delhi,2026-08-24 12:00:00+00:00,113.0,,9,24,115.52435362951091,113.0,94.42877291960508,107.32842778795921,99.0
Delhi,2026-08-24 13:00:00+00:00,113.0,,9,24,106.86553422535337,113.0,94.42877291960508,114.12504889578683,98.0
Delhi,2026-08-24 14:00:00+00:00,113.0,,9,24,105.24971281098179,113.0,94.42877291960508,114.18441188281035,96.0
Delhi,2026-08-24 15:00:00+00:00,112.0,,9,24,104.24290313856773,112.0,94.42877291960508,103.8487219696048,94.0
Delhi,2026-08-24 16:00:00+00:00,112.0,,9,24,105.97142456860756,112.0,94.42877291960508,111.25953020974069,92.0
Delhi,2026-08-24 17:00:00+00:00,110.0,,9,24,100.42538408779313,110.0,94.42877291960508,95.36280239685009,90.0
Delhi,2026-08-24 18:00:00+00:00,110.0,,9,24,110.7852512695833,110.0,94.42877291960508,109.27112029538617,89.0
Delhi,2026-08-24 19:00:00+00:00,109.0,,9,24,107.39719367262202,109.0,94.42877291960508,103.64659789427624,87.0
Delhi,2026-08-24 20:00:00+00:00,109.0,,9,24,102.47893706392358,109.0,94.42877291960508,108.89603051267706,86.0
Delhi,2026-08-24 21:00:00+00:00,109.0,,9,24,105.6927880282323,109.0,94.42877291960508,110.00373578987997,85.0
Delhi,2026-08-24 22:00:00+00:00,108.0,,9,24,104.6552171418805,108.0,94.42877291960508,100.0637932251745,87.0
Delhi,2026-08-24 23:00:00+00:00,108.0,,9,24,105.83526642852094,108.0,94.42877291960508,107.31482186844447,85.0
Delhi,2026-08-25 00:00:00+00:00,107.0,,9,24,101.82092366390553,107.0,94.42877291960508,100.38172694957473,83.0
Delhi,2026-08-25 01:00:00+00:00,105.0,,9,24,99.50655496325342,105.0,94.42877291960508,88.6553428969969,83.0
Delhi,2026-08-25 02:00:00+00:00,101.0,,9,24,90.96686922556174,101.0,94.42877291960508,69.00010648962099,86.0
Delhi,2026-08-25 03:00:00+00:00,97.0,,9,24,88.93857681514173,97.0,94.42877291960508,65.8733946007625,88.0
Delhi,2026-08-25 04:00:00+00:00,92.0,,9,24,83.23459667541377,92.0,94.42877291960508,55.86978217232951,90.0
Delhi,2026-08-25 05:00:00+00:00,89.0,,9,24,81.00867357590181,89.0,94.42877291960508,68.60511950949478,92.0
Delhi,2026-08-25 06:00:00+00:00,89.0,,9,24,81.89812375227766,89.0,94.42877291960508,94.69223164569878,93.0
Delhi,2026-08-25 07:00:00+00:00,90.0,,9,24,81.73648579705731,90.0,94.42877291960508,102.47469314606563,95.0
Delhi,2026-08-25 08:00:00+00:00,93.0,,9,24,82.06929518615163,93.0,94.42877291960508,117.02436738520977,96.0
Delhi,2026-08-25 09:00:00+00:00,96.0,,9,24,87.51720884952893,96.0,94.42877291960508,119.30640145767966,96.0
Delhi,2026-08-25 10:00:00+00:00,98.0,,9,24,91.77721209206746,98.0,94.42877291960508,110.99433364158989,97.0
Delhi,2026-08-25 11:00:00+00:00,100.0,,9,24,96.31503568628646,100.0,94.42877291960508,112.40246251736481,98.0
Delhi,2026-08-25 12:00:00+00:00,99.0,,9,24,96.96564844524248,99.0,94.42877291960508,89.13483164081968,101.0
Delhi,2026-08-25 13:00:00+00:00,98.0,,9,24,99.24750822119634,98.0,94.42877291960508,86.9126935984164,103.0
Delhi,2026-08-25 14:00:00+00:00,96.0,,9,24,96.03173701342097,96.0,94.42877291960508,80.95615059061599,107.0
Delhi,2026-08-25 15:00:00+00:00,94.0,,9,24,92.40550152119451,94.0,94.42877291960508,79.08246302547523,110.0
Delhi,2026-08-25 16:00:00+00:00,92.0,,9,24,92.8128238432285,92.0,94.42877291960508,77.84419912781323,112.0
Delhi,2026-08-25 17:00:00+00:00,90.0,,9,24,90.53770163972384,90.0,94.42877291960508,75.8949083610914,114.0
Delhi,2026-08-25 18:00:00+00:00,89.0,,9,24,80.67201534043382,89.0,94.42877291960508,82.80984684170495,116.0
Delhi,2026-08-25 19:00:00+00:00,87.0,,9,24,77.52203437824984,87.0,94.42877291960508,73.23899037735858,117.0
Delhi,2026-08-25 20:00:00+00:00,86.0,,9,24,73.50382271709454,86.0,94.42877291960508,78.33488304739008,118.0
Delhi,2026-08-25 21:00:00+00:00,85.0,,9,24,75.85028508348584,85.0,94.42877291960508,79.08355092644733,118.0
Delhi,2026-08-25 22:00:00+00:00,87.0,,9,24,83.73215798554256,87.0,94.42877291960508,104.26305528998994,119.0
Delhi,2026-08-25 23:00:00+00:00,85.0,,9,24,81.362447993196,85.0,94.42877291960508,71.13847607568486,120.0
Delhi,2026-08-26 00:00:00+00:00,83.0,,9,24,78.13693874556859,83.0,94.42877291960508,62.8288084358705,120.0
Delhi,2026-08-26 01:00:00+00:00,83.0,,9,24,78.73579130992778,83.0,94.42877291960508,84.21401516879413,121.0
Delhi,2026-08-26 02:00:00+00:00,86.0,,9,24,82.9437667359438,86.0,94.42877291960508,114.10204781542785,121.0
Delhi,2026-08-26 03:00:00+00:00,88.0,,9,24,87.16592217528941,88.0,94.42877291960508,105.78442584247901,122.0
Delhi,2026-08-26 04:00:00+00:00,90.0,,9,24,85.28646009404527,90.0,94.42877291960508,101.96349609936013,123.0
Delhi,2026-08-26 05:00:00+00:00,92.0,,9,24,88.87931938994629,92.0,94.42877291960508,105.34731411367085,124.0
Delhi,2026-08-26 06:00:00+00:00,93.0,,9,24,90.53772332242855,93.0,94.42877291960508,99.5311261060691,125.0
Delhi,2026-08-26 07:00:00+00:00,95.0,,9,24,92.59687558036003,95.0,94.42877291960508,108.93793845790341,127.0
Delhi,2026-08-26 08:00:00+00:00,96.0,,9,24,95.67570612751798,96.0,94.42877291960508,103.61787237340134,129.0
Delhi,2026-08-26 09:00:00+00:00,96.0,,9,24,98.67848585997145,96.0,94.42877291960508,93.82406900734787,130.0
Delhi,2026-08-30 23:00:00+00:00,126.0,,9,24,129.9126205122227,126.0,94.42877291960508,125.48843272863733,125.0
Bengaluru,2026-08-31 03:00:00+00:00,56.0,,10,24,64.4032530651957,56.0,93.52604501607718,55.98169531891069,75.0
Bengaluru,2026-08-31 04:00:00+00:00,56.0,,10,24,63.047002254605964,56.0,93.52604501607718,55.98873841951034,76.0
Bengaluru,2026-08-31 05:00:00+00:00,56.0,,10,24,62.51417815552606,56.0,93.52604501607718,55.99306287108942,76.0
Bengaluru,2026-08-31 06:00:00+00:00,56.0,,10,24,61.13977684708501,56.0,93.52604501607718,55.99572470348682,76.0
Bengaluru,2026-08-31 07:00:00+00:00,56.0,,10,24,59.895202873171364,56.0,93.52604501607718,55.9973646945023,76.0
Bengaluru,2026-08-31 08:00:00+00:00,56.0,,10,24,59.66672844998066,56.0,93.52604501607718,55.99837547864096,76.0
Bengaluru,2026-08-31 09:00:00+00:00,56.0,,10,24,59.46093666206422,56.0,93.52604501607718,55.99899854559557,76.0
Bengaluru,2026-08-31 10:00:00+00:00,57.0,,10,24,60.19098661074109,57.0,93.52604501607718,58.0910627180123,76.0
Bengaluru,2026-08-31 11:00:00+00:00,57.0,,10,24,61.81000938701192,57.0,93.52604501607718,57.672607020443785,76.0
Bengaluru,2026-08-31 12:00:00+00:00,58.0,,10,24,64.20165180351952,58.0,93.52604501607718,59.50630510422137,76.0
Bengaluru,2026-08-31 13:00:00+00:00,60.0,,10,24,66.25839328119353,60.0,93.52604501607718,63.111914966246765,75.0
Bengaluru,2026-08-31 14:00:00+00:00,64.0,,10,24,74.54410177753917,64.0,93.52604501607718,70.28504605254915,73.0
Bengaluru,2026-08-31 15:00:00+00:00,68.0,,10,24,81.46679907112811,68.0,93.52604501607718,76.24118848255618,70.0
Bengaluru,2026-08-31 16:00:00+00:00,70.0,,10,24,79.40456035630241,70.0,93.52604501607718,77.26377364285923,69.0
Bengaluru,2026-08-31 17:00:00+00:00,71.0,,10,24,79.30518053333209,71.0,93.52604501607718,76.56956587608965,68.0
Bengaluru,2026-08-31 18:00:00+00:00,72.0,,10,24,78.88963447553567,72.0,93.52604501607718,76.52513585830651,67.0
Bengaluru,2026-08-31 19:00:00+00:00,72.0,,10,24,76.48075465669727,72.0,93.52604501607718,74.78961520974828,66.0
Bengaluru,2026-08-31 20:00:00+00:00,72.0,,10,24,77.12230864665148,72.0,93.52604501607718,73.71971699126081,66.0
Bengaluru,2026-08-31 21:00:00+00:00,72.0,,10,24,77.51088191891265,72.0,93.52604501607718,73.0601557234111,67.0
Bengaluru,2026-08-31 22:00:00+00:00,73.0,,10,24,77.06086889973656,73.0,93.52604501607718,74.74521508824957,67.0
Bengaluru,2026-08-31 23:00:00+00:00,73.0,,10,24,78.79628663612252,73.0,93.52604501607718,74.07587456193231,67.0
Bengaluru,2026-09-01 00:00:00+00:00,74.0,,10,24,77.43701678803033,74.0,93.52604501607718,75.75490529686674,67.0
Bengaluru,2026-09-01 01:00:00+00:00,74.0,,10,24,76.82089103979027,74.0,93.52604501607718,75.08184829494375,66.0
Bengaluru,2026-09-01 02:00:00+00:00,75.0,,10,24,78.34425461689455,75.0,93.52604501607718,76.75858793025576,66.0
Bengaluru,2026-09-01 03:00:00+00:00,75.0,,10,24,78.03720771730927,75.0,93.52604501607718,76.08411853178498,66.0
Bengaluru,2026-09-01 04:00:00+00:00,76.0,,10,24,78.29097810987399,76.0,93.52604501607718,77.7599874655216,66.0
Bengaluru,2026-09-01 05:00:00+00:00,76.0,,10,24,77.25779885093789,76.0,93.52604501607718,77.0849813047474,66.0
Bengaluru,2026-09-01 06:00:00+00:00,76.0,,10,24,77.34369629623104,76.0,93.52604501607718,76.66885955423702,66.0
Bengaluru,2026-09-01 07:00:00+00:00,76.0,,10,24,77.46984148978333,76.0,93.52604501607718,76.41233254558081,66.0
Bengaluru,2026-09-01 08:00:00+00:00,76.0,,10,24,77.82501517224767,76.0,93.52604501607718,76.25419107354921,66.0
Bengaluru,2026-09-01 09:00:00+00:00,76.0,,10,24,77.90443231784373,76.0,93.52604501607718,76.15670143568487,66.0
Bengaluru,2026-09-01 10:00:00+00:00,76.0,,10,24,78.07829705367452,76.0,93.52604501607718,76.09660189715888,66.0
Bengaluru,2026-09-01 11:00:00+00:00,76.0,,10,24,78.28323910076766,76.0,93.52604501607718,76.05955227208929,67.0
Bengaluru,2026-09-01 12:00:00+00:00,76.0,,10,24,79.31293604188903,76.0,93.52604501607718,76.03671225115971,66.0
Bengaluru,2026-09-01 13:00:00+00:00,75.0,,10,24,76.29968775821531,75.0,93.52604501607718,73.93097225385394,67.0
Bengaluru,2026-09-01 14:00:00+00:00,73.0,,10,24,74.57331781433227,73.0,93.52604501607718,70.15765578097853,66.0
Bengaluru,2026-09-01 15:00:00+00:00,70.0,,10,24,72.28807885730244,70.0,93.52604501607718,64.9727977433639,66.0
Bengaluru,2026-09-01 16:00:00+00:00,69.0,,10,24,72.95975051647102,69.0,93.52604501607718,64.80921560647366,65.0
Bengaluru,2026-09-01 17:00:00+00:00,68.0,,10,24,72.54495914558677,68.0,93.52604501607718,64.32484299712779,65.0
Bengaluru,2026-09-01 18:00:00+00:00,67.0,,10,24,68.82886248179705,67.0,93.52604501607718,63.642712351333536,66.0
Bengaluru,2026-09-01 19:00:00+00:00,66.0,,10,24,67.60148695380718,66.0,93.52604501607718,62.838669602974015,66.0
Bengaluru,2026-09-01 20:00:00+00:00,66.0,,10,24,67.66826760270989,66.0,93.52604501607718,64.05113135968465,66.0
Bengaluru,2026-09-01 21:00:00+00:00,67.0,,10,24,70.89005437426292,67.0,93.52604501607718,66.89023870666138,67.0
Bengaluru,2026-09-01 22:00:00+00:00,67.0,,10,24,70.36038048133302,67.0,93.52604501607718,66.93233534125079,67.0
Bengaluru,2026-09-01 23:00:00+00:00,67.0,,10,24,70.32784781625693,67.0,93.52604501607718,66.95828669739235,67.0
Bengaluru,2026-09-02 00:00:00+00:00,67.0,,10,24,70.24039945771922,67.0,93.52604501607718,66.97428495692428,67.0
Bengaluru,2026-09-02 01:00:00+00:00,66.0,,10,24,69.05690175798237,66.0,93.52604501607718,64.89248763479937,67.0
Bengaluru,2026-09-02 02:00:00+00:00,66.0,,10,24,69.29392644934852,66.0,93.52604501607718,65.31725069947403,68.0
Bengaluru,2026-09-02 03:00:00+00:00,66.0,,10,24,69.20279238195863,66.0,93.52604501607718,65.57910482806737,67.0
Bengaluru,2026-09-02 04:00:00+00:00,66.0,,10,24,68.87991742379616,66.0,93.52604501607718,65.74053031527124,68.0
Bengaluru,2026-09-02 05:00:00+00:00,66.0,,10,24,68.9172825687086,66.0,93.52604501607718,65.84004445338705,67.0
Bengaluru,2026-09-02 06:00:00+00:00,66.0,,10,24,68.83781550016353,66.0,93.52604501607718,65.90139203769027,67.0
Bengaluru,2026-09-02 07:00:00+00:00,66.0,,10,24,68.92545766138092,66.0,93.52604501607718,65.93921104683913,66.0
Bengaluru,2026-09-02 08:00:00+00:00,66.0,,10,24,68.92956102981294,66.0,93.52604501607718,65.96252537077294,66.0
Bengaluru,2026-09-02 09:00:00+00:00,66.0,,10,24,68.95829668618342,66.0,93.52604501607718,65.97689797631504,66.0
Bengaluru,2026-09-02 10:00:00+00:00,66.0,,10,24,68.96189432839417,66.0,93.52604501607718,65.98575827141327,66.0
Bengaluru,2026-09-02 11:00:00+00:00,67.0,,10,24,69.9993811179458,67.0,93.52604501607718,68.082880172585,65.0
Bengaluru,2026-09-02 12:00:00+00:00,66.0,,10,24,69.3268296941213,66.0,93.52604501607718,65.57590448127554,64.0
Bengaluru,2026-09-02 13:00:00+00:00,67.0,,10,24,69.65545010524609,67.0,93.52604501607718,67.83021717998378,63.0
Bengaluru,2026-09-02 14:00:00+00:00,66.0,,10,24,68.75956153938164,66.0,93.52604501607718,65.42014506324323,63.0
Bengaluru,2026-09-02 15:00:00+00:00,66.0,,10,24,70.2745222456341,66.0,93.52604501607718,65.64253622359739,62.0
Bengaluru,2026-09-02 16:00:00+00:00,65.0,,10,24,68.5210576503247,65.0,93.52604501607718,63.68797414786572,62.0
Bengaluru,2026-09-02 17:00:00+00:00,65.0,,10,24,68.03281577361415,65.0,93.52604501607718,64.1911740573168,62.0
Bengaluru,2026-09-02 18:00:00+00:00,66.0,,10,24,68.74107833551862,66.0,93.52604501607718,66.59304201508048,62.0
Bengaluru,2026-09-02 19:00:00+00:00,66.0,,10,24,67.80365409056925,66.0,93.52604501607718,66.3655932283026,62.0
Bengaluru,2026-09-02 20:00:00+00:00,66.0,,10,24,67.9182090052975,66.0,93.52604501607718,66.22537763797828,62.0
Bengaluru,2026-09-02 21:00:00+00:00,67.0,,10,24,69.29055310230764,67.0,93.52604501607718,68.23059857289836,62.0
Delhi,2026-08-31 03:00:00+00:00,125.0,,10,24,124.26744005213223,125.0,93.52604501607718,117.51609246186891,124.0
Delhi,2026-08-31 04:00:00+00:00,125.0,,10,24,125.87862889934252,125.0,93.52604501607718,124.51201153495077,124.0
Delhi,2026-08-31 05:00:00+00:00,125.0,,10,24,123.44734212876592,125.0,93.52604501607718,126.45328496595079,124.0
Delhi,2026-08-31 06:00:00+00:00,125.0,,10,24,127.99394705615792,125.0,93.52604501607718,125.19600739911026,123.0
Delhi,2026-08-31 07:00:00+00:00,124.0,,10,24,128.50909209462316,124.0,93.52604501607718,116.23660876746882,123.0
Delhi,2026-08-31 08:00:00+00:00,124.0,,10,24,123.9869158630922,124.0,93.52604501607718,123.45165330195194,122.0
Delhi,2026-08-31 09:00:00+00:00,124.0,,10,24,124.10378843956383,124.0,93.52604501607718,125.50627531621102,121.0
Delhi,2026-08-31 10:00:00+00:00,124.0,,10,24,124.23719865197594,124.0,93.52604501607718,124.21163901474203,121.0
Delhi,2026-08-31 11:00:00+00:00,123.0,,10,24,122.67506217972796,123.0,93.52604501607718,115.2271086148493,120.0
Delhi,2026-08-31 12:00:00+00:00,123.0,,10,24,121.98698897932596,123.0,93.52604501607718,122.44789248272052,120.0
Delhi,2026-08-31 13:00:00+00:00,122.0,,10,24,117.33740121505849,122.0,93.52604501607718,116.02010146659748,120.0
Delhi,2026-08-31 14:00:00+00:00,121.0,,10,24,119.44531657597915,121.0,93.52604501607718,113.23408322421483,118.0
Delhi,2026-08-31 15:00:00+00:00,121.0,,10,24,122.7803832729075,121.0,93.52604501607718,121.67945984968578,115.0
Delhi,2026-08-31 16:00:00+00:00,121.0,,10,24,124.89084905034778,121.0,93.52604501607718,122.5904188049351,112.0
Delhi,2026-08-31 17:00:00+00:00,122.0,,10,24,126.80996402549619,122.0,93.52604501607718,129.4610492269191,109.0
Delhi,2026-08-31 18:00:00+00:00,123.0,,10,24,125.95423894250698,123.0,93.52604501607718,130.66036174421808,106.0
Delhi,2026-08-31 19:00:00+00:00,124.0,,10,24,120.99440661681919,124.0,93.52604501607718,130.50665427586515,104.0
Delhi,2026-08-31 20:00:00+00:00,125.0,,10,24,115.87833681891993,125.0,93.52604501607718,131.38843250891964,102.0
Delhi,2026-08-31 21:00:00+00:00,125.0,,10,24,113.96051087781235,125.0,93.52604501607718,124.12196745577556,101.0
Delhi,2026-08-31 22:00:00+00:00,125.0,,10,24,116.49652011502363,125.0,93.52604501607718,123.66994587115595,101.0
Delhi,2026-08-31 23:00:00+00:00,125.0,,10,24,112.4390435266457,125.0,93.52604501607718,125.08397888849696,101.0
Delhi,2026-09-01 00:00:00+00:00,125.0,,10,24,119.48281194882162,125.0,93.52604501607718,125.27018157397468,101.0
Delhi,2026-09-01 01:00:00+00:00,125.0,,10,24,122.8410240889224,125.0,93.52604501607718,125.00170708397141,100.0
Delhi,2026-09-01 02:00:00+00:00,125.0,,10,24,122.43206172657263,125.0,93.52604501607718,124.94639482651647,100.0
Delhi,2026-09-01 03:00:00+00:00,124.0,,10,24,120.63442468364491,124.0,93.52604501607718,116.50820022389392,99.0
Delhi,2026-09-01 04:00:00+00:00,124.0,,10,24,131.3114891278275,124.0,93.52604501607718,123.51978040471555,98.0
Delhi,2026-09-01 05:00:00+00:00,124.0,,10,24,128.73548057321463,124.0,93.52604501607718,125.4569164980645,97.0
Delhi,2026-09-01 06:00:00+00:00,123.0,,10,24,125.13123258813884,123.0,93.52604501607718,115.70692196758438,95.0
Delhi,2026-09-01 07:00:00+00:00,123.0,,10,24,129.89652071142848,123.0,93.52604501607718,122.23297343477948,93.0
Delhi,2026-09-01 08:00:00+00:00,122.0,,10,24,129.53603883559038,122.0,93.52604501607718,115.91005747504848,90.0
Delhi,2026-09-01 09:00:00+00:00,121.0,,10,24,127.15796593790856,121.0,93.52604501607718,113.26932028973647,88.0
Delhi,2026-09-01 10:00:00+00:00,121.0,,10,24,129.88869542623894,121.0,93.52604501607718,121.70374078814713,85.0
Delhi,2026-09-01 11:00:00+00:00,120.0,,10,24,129.61523980202685,120.0,93.52604501607718,114.09725777430184,82.0
Delhi,2026-09-01 12:00:00+00:00,120.0,,10,24,129.5044626566778,120.0,93.52604501607718,119.47744172440326,80.0
Delhi,2026-09-01 13:00:00+00:00,120.0,,10,24,127.39755763233589,120.0,93.52604501607718,121.13807263300039,78.0
Delhi,2026-09-01 14:00:00+00:00,118.0,,10,24,124.93789322076712,118.0,93.52604501607718,103.20581173165446,77.0
Delhi,2026-09-01 15:00:00+00:00,115.0,,10,24,119.68981417077876,115.0,93.52604501607718,91.34143209180829,77.0
Delhi,2026-09-01 16:00:00+00:00,112.0,,10,24,130.32596160391407,112.0,93.52604501607718,90.92493831146027,77.0
Delhi,2026-09-01 17:00:00+00:00,109.0,,10,24,115.41191635266759,109.0,93.52604501607718,89.86347485888881,77.0
Delhi,2026-09-01 18:00:00+00:00,106.0,,10,24,114.8826345142281,106.0,93.52604501607718,86.48183902934224,77.0
Delhi,2026-09-01 19:00:00+00:00,104.0,,10,24,131.58329487813396,104.0,93.52604501607718,91.55820213613046,77.0
Delhi,2026-09-01 20:00:00+00:00,102.0,,10,24,135.50014993633368,102.0,93.52604501607718,90.09666283050748,78.0
Delhi,2026-09-01 21:00:00+00:00,101.0,,10,24,110.73922479811621,101.0,93.52604501607718,95.21412569330242,78.0
Delhi,2026-09-01 22:00:00+00:00,101.0,,10,24,110.83934162774199,101.0,93.52604501607718,102.9921269295909,78.0
Delhi,2026-09-01 23:00:00+00:00,101.0,,10,24,110.45424883502166,101.0,93.52604501607718,102.28613772686417,77.0
Delhi,2026-09-02 00:00:00+00:00,101.0,,10,24,128.96788776548775,101.0,93.52604501607718,100.6915089102948,77.0
Delhi,2026-09-02 01:00:00+00:00,100.0,,10,24,128.32465037849755,100.0,93.52604501607718,92.23544784871538,77.0
Delhi,2026-09-02 02:00:00+00:00,100.0,,10,24,129.28960604627235,100.0,93.52604501607718,99.5518804363944,77.0
Delhi,2026-09-02 03:00:00+00:00,99.0,,10,24,123.55598273254816,99.0,93.52604501607718,93.02552708648703,77.0
Delhi,2026-09-02 04:00:00+00:00,98.0,,10,24,117.18535535307437,98.0,93.52604501607718,90.21377641215916,77.0
Delhi,2026-09-02 05:00:00+00:00,97.0,,10,24,107.38686097245926,97.0,93.52604501607718,90.18918901236772,77.0
Delhi,2026-09-02 06:00:00+00:00,95.0,,10,24,94.84880463438692,95.0,93.52604501607718,81.1280650562843,77.0
Delhi,2026-09-02 07:00:00+00:00,93.0,,10,24,94.67862524411225,93.0,93.52604501607718,78.47257906325586,77.0
Delhi,2026-09-02 08:00:00+00:00,90.0,,10,24,90.78848880494768,90.0,93.52604501607718,69.34411426660833,77.0
Delhi,2026-09-02 09:00:00+00:00,88.0,,10,24,87.53049912518709,88.0,93.52604501607718,74.56424969238734,78.0
Delhi,2026-09-02 10:00:00+00:00,85.0,,10,24,84.9081800199122,85.0,93.52604501607718,65.76736434582,78.0
Delhi,2026-09-02 11:00:00+00:00,82.0,,10,24,82.60726348537814,82.0,93.52604501607718,60.95633201613857,79.0
Delhi,2026-09-02 12:00:00+00:00,80.0,,10,24,81.54454361103994,80.0,93.52604501607718,67.47339340706642,79.0
Delhi,2026-09-02 13:00:00+00:00,78.0,,10,24,79.89733005465672,78.0,93.52604501607718,66.39420925683514,79.0
Delhi,2026-09-02 14:00:00+00:00,77.0,,10,24,81.74295357933578,77.0,93.52604501607718,71.25125772280848,79.0
Delhi,2026-09-02 15:00:00+00:00,77.0,,10,24,80.9435684623211,77.0,93.52604501607718,78.93549385228957,80.0
Delhi,2026-09-02 16:00:00+00:00,77.0,,10,24,83.27724210057313,77.0,93.52604501607718,78.2748966991795,80.0
Delhi,2026-09-02 17:00:00+00:00,77.0,,10,24,80.95208131275788,77.0,93.52604501607718,76.7020037806534,81.0
Delhi,2026-09-02 18:00:00+00:00,77.0,,10,24,83.0676448615128,77.0,93.52604501607718,76.72620659290565,82.0
Delhi,2026-09-02 19:00:00+00:00,77.0,,10,24,83.1395438876904,77.0,93.52604501607718,77.04060093818151,82.0
Delhi,2026-09-02 20:00:00+00:00,78.0,,10,24,87.58162299278737,78.0,93.52604501607718,85.54501410821887,82.0
Delhi,2026-09-02 21:00:00+00:00,78.0,,10,24,88.50436805050786,78.0,93.52604501607718,78.48643029338515,82.0
